"year","title","authors","venue","doi","openalex_id","oa_url","cited_by_count","screening_status","screening_reason"
"2021","Deep Learning Enabled Semantic Communication Systems","Huiqiang Xie; Zhijin Qin; Geoffrey Ye Li; Biing‐Hwang Juang","IEEE Transactions on Signal Processing","10.1109/tsp.2021.3071210","https://openalex.org/W3036851434","https://ieeexplore.ieee.org/ielx7/78/9307529/09398576.pdf","1348","candidate",""
"2021","Semantic Communication Systems for Speech Transmission","Zhenzi Weng; Zhijin Qin","arXiv (Cornell University)","10.48550/arxiv.2102.12605","https://openalex.org/W3129640789","https://arxiv.org/pdf/2102.12605","6","candidate",""
"2021","Semantic Communication Systems for Speech Transmission","Zhenzi Weng; Zhijin Qin","IEEE Journal on Selected Areas in Communications","10.1109/jsac.2021.3087240","https://openalex.org/W3166791908","https://qmro.qmul.ac.uk/xmlui/handle/123456789/72821","604","candidate",""
"2021","Semantic Communications for Speech Recognition","Zhenzi Weng; Zhijin Qin; Geoffrey Ye Li","2021 IEEE Global Communications Conference (GLOBECOM)","10.1109/globecom46510.2021.9685250","https://openalex.org/W4210330825",,"51","candidate",""
"2021","Semantic Communications for Speech Recognition","Zhenzi Weng; Zhijin Qin; Geoffrey Ye Li","arXiv (Cornell University)","10.48550/arxiv.2107.11190","https://openalex.org/W3186702804","https://arxiv.org/pdf/2107.11190","0","candidate",""
"2021","Semantic Communications for Speech Signals","Zhenzi Weng; Zhijin Qin; Geoffrey Ye Li",,"10.1109/icc42927.2021.9500590","https://openalex.org/W3189491540",,"93","candidate",""
"2021","Semantic Communications: Principles and Challenges","Zhijin Qin; Xiaoming Tao; Jianhua Lu; Tong, Wen; Li, Geoffrey Ye","arXiv (Cornell University)","10.48550/arxiv.2201.01389","https://openalex.org/W4226150551","https://arxiv.org/pdf/2201.01389","269","candidate",""
"2021","Series Editorial The Fourth Issue of the Series on Machine Learning in Communications and Networks","Geoffrey Ye Li; Walid Saad; Ayfer Özgür; Peter Kairouz; Zhijin Qin; Jakob Hoydis; Zhu Han; Denız Gündüz; Jaafar M. H. Elmirghani","IEEE Journal on Selected Areas in Communications","10.1109/jsac.2021.3126188","https://openalex.org/W4206831545","https://ieeexplore.ieee.org/ielx7/49/9653871/09653893.pdf","0","candidate",""
"2021","Series Editorial: The Third Issue of the Series on Machine Learning in Communications and Networks","Geoffrey Ye Li; Walid Saad; Ayfer Özgür; Peter Kairouz; Zhijin Qin; Jakob Hoydis; Zhu Han; Denız Gündüz; Jaafar M. H. Elmirghani","IEEE Journal on Selected Areas in Communications","10.1109/jsac.2021.3087366","https://openalex.org/W4205865712","https://ieeexplore.ieee.org/ielx7/49/9486979/09487483.pdf","0","candidate",""
"2021","Task-Oriented Image Transmission for Scene Classification in Unmanned Aerial Systems","Kang Xu; Bin Song; Jie Guo; Zhijin Qin; Fuyang Yu","arXiv (Cornell University)","10.48550/arxiv.2112.10948","https://openalex.org/W4303035223","https://arxiv.org/pdf/2112.10948","0","candidate",""
"2021","Task-Oriented Multi-User Semantic Communications","Huiqiang Xie; Zhijin Qin; Xiaoming Tao; Khaled B. Letaief","arXiv (Cornell University)","10.48550/arxiv.2112.10255","https://openalex.org/W4302763645","https://arxiv.org/pdf/2112.10255","0","candidate",""
"2021","Task-Oriented Multi-User Semantic Communications for Multimodal Data","Huiqiang Xie; Zhijin Qin; Geoffrey Ye Li","arXiv (Cornell University)","","https://openalex.org/W3194679295","https://arxiv.org/pdf/2108.07357","1","candidate",""
"2021","Task-Oriented Multi-User Semantic Communications for VQA","Huiqiang Xie; Zhijin Qin; Geoffrey Ye Li","IEEE Wireless Communications Letters","10.1109/lwc.2021.3136045","https://openalex.org/W4206175303","https://qmro.qmul.ac.uk/xmlui/bitstream/123456789/79203/2/Xie%20Task-Oriented%20Multi-User%202021%20Accepted.pdf","218","candidate",""
"2021","Task-Oriented Multi-User Semantic Communications for VQA Task","Huiqiang Xie; Zhijin Qin; Geoffrey Ye Li","arXiv (Cornell University)","10.48550/arxiv.2108.07357","https://openalex.org/W4206848268","https://arxiv.org/pdf/2108.07357","7","candidate",""
"2021","Task-Oriented Semantic Communications for Multimodal Data.","Huiqiang Xie; Zhijin Qin; Geoffrey Ye Li","arXiv (Cornell University)","","https://openalex.org/W3201739761","https://arxiv.org/pdf/2108.07357.pdf","2","candidate",""
"2021","Toward Wisdom-Evolutionary and Primitive-Concise 6G: A New Paradigm of Semantic Communication Networks","Ping Zhang; Wenjun Xu; Hui Gao; Kai Niu; Xiaodong Xu; Xiaoqi Qin; Caixia Yuan; Zhijin Qin; Haitao Zhao; Jibo Wei; Fangwei Zhang","Engineering","10.1016/j.eng.2021.11.003","https://openalex.org/W3213872105","https://doi.org/10.1016/j.eng.2021.11.003","284","candidate",""
"2022","A Robust Deep Learning Enabled Semantic Communication System for Text","Xiang Peng; Zhijin Qin; Danlan Huang; Xiaoming Tao; Jianhua Lu; Guangyi Liu; Chengkang Pan","arXiv (Cornell University)","10.48550/arxiv.2206.02596","https://openalex.org/W4281851489","https://arxiv.org/pdf/2206.02596","3","candidate",""
"2022","A Robust Deep Learning Enabled Semantic Communication System for Text","Xiang Peng; Zhijin Qin; Danlan Huang; Xiaoming Tao; Jianhua Lü; Guangyi Liu; Chengkang Pan","GLOBECOM 2022 - 2022 IEEE Global Communications Conference","10.1109/globecom48099.2022.10000901","https://openalex.org/W4315629832",,"86","candidate",""
"2022","A Unified Multi-Task Semantic Communication System for Multimodal Data","Guangyi Zhang; Qiyu Hu; Zhijin Qin; Yunlong Cai; Guanding Yu; Xiaoming Tao","arXiv (Cornell University)","10.48550/arxiv.2209.07689","https://openalex.org/W4296415377","https://arxiv.org/pdf/2209.07689","29","candidate",""
"2022","A Unified Multi-Task Semantic Communication System with Domain Adaptation","Guangyi Zhang; Qiyu Hu; Zhijin Qin; Yunlong Cai; Guanding Yu","arXiv (Cornell University)","10.48550/arxiv.2206.00254","https://openalex.org/W4320738258","https://arxiv.org/pdf/2206.00254","0","candidate",""
"2022","A Unified Multi-Task Semantic Communication System with Domain Adaptation","Guangyi Zhang; Qiyu Hu; Zhijin Qin; Yunlong Cai; Guanding Yu","GLOBECOM 2022 - 2022 IEEE Global Communications Conference","10.1109/globecom48099.2022.10000850","https://openalex.org/W4315630065",,"56","candidate",""
"2022","Beyond Transmitting Bits: Context, Semantics, and Task-Oriented Communications","Denız Gündüz; Zhijin Qin; Iñaki Estella Aguerri; Harpreet S. Dhillon; Zhaohui Yang; Aylin Yener; Kai‐Kit Wong; Chan‐Byoung Chae","IEEE Journal on Selected Areas in Communications","10.1109/jsac.2022.3223408","https://openalex.org/W4313455370",,"636","candidate",""
"2022","Beyond Transmitting Bits: Context, Semantics, and Task-Oriented Communications","Denız Gündüz; Zhijin Qin; Iñaki Estella Aguerri; Harpreet S. Dhillon; Zhaohui Yang; Aylin Yener; Kai‐Kit Wong; Chan‐Byoung Chae","arXiv (Cornell University)","10.48550/arxiv.2207.09353","https://openalex.org/W4286224510","https://arxiv.org/pdf/2207.09353","26","candidate",""
"2022","Deep Learning Enabled Semantic Communications with Speech Recognition and Synthesis","Zhenzi Weng; Zhijin Qin; Xiaoming Tao; Chengkang Pan; Guangyi Liu; Geoffrey Ye Li","arXiv (Cornell University)","10.48550/arxiv.2205.04603","https://openalex.org/W4320813258","https://arxiv.org/pdf/2205.04603","0","candidate",""
"2022","Guest Editorial Special Issue on Beyond Transmitting Bits: Context, Semantics, and Task-Oriented Communications","Denız Gündüz; Zhijin Qin; Iñaki Estella Aguerri; Harpreet S. Dhillon; Zhaohui Yang; Aylin Yener; Kai‐Kit Wong; Chan‐Byoung Chae","IEEE Journal on Selected Areas in Communications","10.1109/jsac.2022.3221853","https://openalex.org/W4311897569","https://ieeexplore.ieee.org/ielx7/49/9991040/09991044.pdf","9","candidate",""
"2022","Guest Editorial: Federated Optimizations and Networked Edge Intelligence","Dan Wang; Zhu Han; Ekram Hossain; Yifei Zhu; Choong Seon Hong; Zhijin Qin","IEEE Network","10.1109/mnet.2022.9964007","https://openalex.org/W4312990995","https://ieeexplore.ieee.org/ielx7/65/9963993/09964007.pdf","2","candidate",""
"2022","QoE-Aware Resource Allocation for Semantic Communication Networks","Lei Yan; Zhijin Qin; Rui Zhang; Yongzhao Li; Geoffrey Ye Li","arXiv (Cornell University)","10.48550/arxiv.2205.14530","https://openalex.org/W4281782432","https://arxiv.org/pdf/2205.14530","2","candidate",""
"2022","QoE-Aware Resource Allocation for Semantic Communication Networks","Lei Yan; Zhijin Qin; Rui Zhang; Yongzhao Li; Geoffrey Ye Li","GLOBECOM 2022 - 2022 IEEE Global Communications Conference","10.1109/globecom48099.2022.10001594","https://openalex.org/W4315629738",,"98","candidate",""
"2022","Resource allocation for text semantic communications","Lei Yan; Zhijin Qin; Rui Zhang; Yongzhao Li; Geoffrey Ye Li","arXiv (Cornell University)","10.48550/arxiv.2201.06023","https://openalex.org/W4303939443","https://doi.org/10.48550/arxiv.2201.06023","0","candidate",""
"2022","Resource Allocation for Text Semantic Communications","Lei Yan; Zhijin Qin; Rui Zhang; Yongzhao Li; Geoffrey Ye Li","IEEE Wireless Communications Letters","10.1109/lwc.2022.3170849","https://openalex.org/W4225009676","https://arxiv.org/pdf/2201.06023","273","candidate",""
"2022","Robust Semantic Communications Against Semantic Noise","Qiyu Hu; Guangyi Zhang; Zhijin Qin; Yunlong Cai; Guanding Yu; Geoffrey Ye Li","2022 IEEE 96th Vehicular Technology Conference (VTC2022-Fall)","10.1109/vtc2022-fall57202.2022.10012843","https://openalex.org/W4317350116",,"92","candidate",""
"2022","Robust Semantic Communications Against Semantic Noise","Qiyu Hu; Guangyi Zhang; Zhijin Qin; Yunlong Cai; Guanding Yu; Li, Geoffrey Ye","arXiv (Cornell University)","10.48550/arxiv.2202.03338","https://openalex.org/W4221161146","https://arxiv.org/pdf/2202.03338","6","candidate",""
"2022","Robust Semantic Communications with Masked VQ-VAE Enabled Codebook","Qiyu Hu; Guangyi Zhang; Zhijin Qin; Yunlong Cai; Guanding Yu; Geoffrey Ye Li","arXiv (Cornell University)","10.48550/arxiv.2206.04011","https://openalex.org/W4281757381","https://arxiv.org/pdf/2206.04011","4","candidate",""
"2022","Semantic Communication for Internet of Vehicles: A Multi-User Cooperative Approach","Wenjun Xu; Yimeng Zhang; Feng‐Yu Wang; Zhijin Qin; Chenyao Liu; Ping Zhang","arXiv (Cornell University)","10.48550/arxiv.2212.03037","https://openalex.org/W4310884177","https://arxiv.org/pdf/2212.03037","5","candidate",""
"2022","Semantic Sensing and Communications for Ultimate Extended Reality","Bowen Zhang; Zhijin Qin; Yiyu Guo; Geoffrey Ye Li","arXiv (Cornell University)","10.48550/arxiv.2212.08533","https://openalex.org/W4311994663","https://arxiv.org/pdf/2212.08533","14","candidate",""
"2022","Series Editorial The Sixth Issue of the Series on Machine Learning in Communications and Networks","Geoffrey Ye Li; Walid Saad; Ayfer Özgür; Peter Kairouz; Zhijin Qin; Jakob Hoydis; Zhu Han; Denız Gündüz; Jaafar M. H. Elmirghani","IEEE Journal on Selected Areas in Communications","10.1109/jsac.2022.3190650","https://openalex.org/W4292347968","https://ieeexplore.ieee.org/ielx7/49/9863724/09863725.pdf","0","candidate",""
"2022","Task-Oriented Image Transmission for Scene Classification in Unmanned Aerial Systems","Xu Kang; Bin Song; Jie Guo; Zhijin Qin; F. Richard Yu","IEEE Transactions on Communications","10.1109/tcomm.2022.3182325","https://openalex.org/W4226047696",,"128","candidate",""
"2022","Task-Oriented Multi-User Semantic Communications","Huiqiang Xie; Zhijin Qin; Xiaoming Tao; Khaled B. Letaief","IEEE Journal on Selected Areas in Communications","10.1109/jsac.2022.3191326","https://openalex.org/W4226115138",,"397","candidate",""
"2022","The Fifth Issue of the Series on Machine Learning in Communications and Networks","Geoffrey Ye Li; Walid Saad; Ayfer Özgür; Peter Kairouz; Zhijin Qin; Jakob Hoydis; Zhu Han; Denız Gündüz; Jaafar M. H. Elmirghani","IEEE Journal on Selected Areas in Communications","10.1109/jsac.2022.3181863","https://openalex.org/W4285490098","https://ieeexplore.ieee.org/ielx7/49/9830856/09830733.pdf","0","candidate",""
"2022","Vector Quantized Semantic Communication System","Qifan Fu; Huiqiang Xie; Zhijin Qin; Greg Slabaugh; Xiaoming Tao","arXiv (Cornell University)","10.48550/arxiv.2209.11519","https://openalex.org/W4297164504","https://arxiv.org/pdf/2209.11519","6","candidate",""
"2023","A GAN-based Semantic Communication for Text without CSI","Jin Mao; Ke Xiong; Ming Liu; Zhijin Qin; Wei Chen; Pingyi Fan; Khaled B. Letaief","arXiv (Cornell University)","10.48550/arxiv.2312.16909","https://openalex.org/W4390437755","https://arxiv.org/pdf/2312.16909","0","candidate",""
"2023","A Generalized Semantic Communication System: From Sources to Channels","Zhijin Qin; Feifei Gao; Bo Lin; Xiaoming Tao; Guangyi Liu; Chengkang Pan","IEEE Wireless Communications","10.1109/mwc.013.2200553","https://openalex.org/W4384158383",,"65","candidate",""
"2023","A Generalized Semantic Communication System: from Sources to Channels","Zhijin Qin; Feifei Gao; Bo Lin; Xiaoming Tao; Guangyi Liu; Chengkang Pan","ArXiv.org","10.48550/arxiv.2301.04552","https://openalex.org/W4315881996","https://arxiv.org/pdf/2301.04552","2","candidate",""
"2023","Adaptive Resource Allocation for Semantic Communication Networks","Lingyi Wang; Wei Wu; Fuhui Zhou; Zhaohui Yang; Zhijin Qin","arXiv (Cornell University)","10.48550/arxiv.2312.01081","https://openalex.org/W4389363292","https://arxiv.org/pdf/2312.01081","0","candidate",""
"2023","Compression Ratio Learning and Semantic Communications for Video Imaging","Bowen Zhang; Zhijin Qin; Geoffrey Ye Li","arXiv (Cornell University)","10.48550/arxiv.2310.06246","https://openalex.org/W4387560866","https://arxiv.org/pdf/2310.06246","0","candidate",""
"2023","Computing Networks Enabled Semantic Communications","Zhijin Qin; Jingkai Ying; Dingxi Yang; Hengjiang Wang; Xiaoming Tao","arXiv (Cornell University)","10.48550/arxiv.2312.00740","https://openalex.org/W4389326224","https://arxiv.org/pdf/2312.00740","0","candidate",""
"2023","Deep Learning Enabled Semantic Communications With Speech Recognition and Synthesis","Zhenzi Weng; Zhijin Qin; Xiaoming Tao; Chengkang Pan; Guangyi Liu; Geoffrey Ye Li","IEEE Transactions on Wireless Communications","10.1109/twc.2023.3240969","https://openalex.org/W4319302797","https://ieeexplore.ieee.org/ielx7/7693/4656680/10038754.pdf","253","candidate",""
"2023","Federated Multi-View Synthesizing for Metaverse","Yiyu Guo; Zhijin Qin; Xiaoming Tao; Geoffrey Ye Li","arXiv (Cornell University)","10.48550/arxiv.2401.00859","https://openalex.org/W4390573069","https://arxiv.org/pdf/2401.00859","0","candidate",""
"2023","Mem-DeepSC: A Semantic Communication System with Memory","Zhijin Qin; Huiqiang Xie; Xiaoming Tao",,"10.1109/icc45041.2023.10279664","https://openalex.org/W4387870090",,"4","candidate",""
"2023","Meta Federated Reinforcement Learning for Distributed Resource Allocation","Zelin Ji; Zhijin Qin; Xiaoming Tao","arXiv (Cornell University)","10.48550/arxiv.2307.02900","https://openalex.org/W4383604858","https://arxiv.org/pdf/2307.02900","0","candidate",""
"2023","Multimedia Semantic Communications: Representation, Encoding and Transmission","Yiping Duan; Qiyuan Du; Xin Fang; Zhipeng Xie; Zhijin Qin; Xiaoming Tao; Chengkang Pan; Guangyi Liu","IEEE Network","10.1109/mnet.001.2200468","https://openalex.org/W4367280863",,"18","candidate",""
"2023","QoE-based Semantic-Aware Resource Allocation for Multi-Task Networks","Lei Yan; Zhijin Qin; Li, Chunfeng; Rui Zhang; Yongzhao Li; Xiaoming Tao","arXiv (Cornell University)","10.48550/arxiv.2305.06543","https://openalex.org/W4376312105","https://arxiv.org/pdf/2305.06543","1","candidate",""
"2023","Resource Optimization for Semantic-Aware Networks with Task Offloading","Zelin Ji; Zhijin Qin; Tao, Xiaoming; Zhu, Han","arXiv (Cornell University)","10.48550/arxiv.2301.08376","https://openalex.org/W4317832346","https://arxiv.org/pdf/2301.08376","0","candidate",""
"2023","Robust Semantic Communications With Masked VQ-VAE Enabled Codebook","Qiyu Hu; Guangyi Zhang; Zhijin Qin; Yunlong Cai; Guanding Yu; Geoffrey Ye Li","IEEE Transactions on Wireless Communications","10.1109/twc.2023.3265201","https://openalex.org/W4365420366",,"231","candidate",""
"2023","Semantic Communication for the Internet of Vehicles: A Multiuser Cooperative Approach","Wenjun Xu; Yimeng Zhang; Fengyu Wang; Zhijin Qin; Chenyao Liu; Ping Zhang","IEEE Vehicular Technology Magazine","10.1109/mvt.2022.3227723","https://openalex.org/W4315473433",,"78","candidate",""
"2023","Semantic Communication with Memory","Huiqiang Xie; Zhijin Qin; Geoffrey Ye Li","arXiv (Cornell University)","10.48550/arxiv.2303.12335","https://openalex.org/W4360831985","https://arxiv.org/pdf/2303.12335","0","candidate",""
"2023","Semantic Communication With Memory","Huiqiang Xie; Zhijin Qin; Geoffrey Ye Li","IEEE Journal on Selected Areas in Communications","10.1109/jsac.2023.3288236","https://openalex.org/W4381802353","https://ieeexplore.ieee.org/ielx7/49/5594698/10159023.pdf","66","candidate",""
"2023","Semantic Communications with Variable-Length Coding for Extended Reality","Bowen Zhang; Zhijin Qin; Geoffrey Ye Li","arXiv (Cornell University)","10.48550/arxiv.2302.08645","https://openalex.org/W4321392415","https://arxiv.org/pdf/2302.08645","3","candidate",""
"2023","Semantic Communications With Variable-Length Coding for Extended Reality","Bowen Zhang; Zhijin Qin; Geoffrey Ye Li","IEEE Journal of Selected Topics in Signal Processing","10.1109/jstsp.2023.3300509","https://openalex.org/W4385452934","https://ieeexplore.ieee.org/ielx7/4200690/5418892/10198383.pdf","38","candidate",""
"2023","Semantic-Aware Image Compressed Sensing","Bowen Zhang; Zhijin Qin; Geoffrey Ye Li","arXiv (Cornell University)","10.48550/arxiv.2307.03246","https://openalex.org/W4383868690","https://arxiv.org/pdf/2307.03246","0","candidate",""
"2023","Semantic-Aware Speech-to-Text Transmission Over MIMO Channels","Zhenzi Weng; Zhijin Qin; Xiaoming Tao",,"10.1109/iccworkshops57953.2023.10283658","https://openalex.org/W4387870810",,"7","candidate",""
"2023","Task-Oriented Explainable Semantic Communications Based on Structured Scene Graphs","Shiqi Sun; Zhijin Qin; Huiqiang Xie; Xiaoming Tao",,"10.1109/globecom54140.2023.10436793","https://openalex.org/W4392152400",,"6","candidate",""
"2023","Task-Oriented Semantic Communications for Speech Transmission","Zhenzi Weng; Zhijin Qin; Xiaoming Tao",,"10.1109/vtc2023-fall60731.2023.10333632","https://openalex.org/W4389544952",,"10","candidate",""
"2023","Vector Quantized Semantic Communication System","Qifan Fu; Huiqiang Xie; Zhijin Qin; Greg Slabaugh; Xiaoming Tao","IEEE Wireless Communications Letters","10.1109/lwc.2023.3255221","https://openalex.org/W4323896648","https://qmro.qmul.ac.uk/xmlui/bitstream/123456789/85144/2/Slabaugh%20Vector%20Quantized%20Semantic%202023%20Accepted.PDF","95","candidate",""
"2024","A GAN-Based Semantic Communication for Text Without CSI","Jin Mao; Ke Xiong; Ming Liu; Zhijin Qin; Wei Chen; Pingyi Fan; Khaled B. Letaief","IEEE Transactions on Wireless Communications","10.1109/twc.2024.3415363","https://openalex.org/W4400275634",,"27","candidate",""
"2024","A Robust Semantic Communication System for Image","Xiang Peng; Zhijin Qin; Xiaoming Tao; Jianhua Lu; Khaled B. Letaief","arXiv (Cornell University)","10.48550/arxiv.2403.09222","https://openalex.org/W4392871558","https://arxiv.org/pdf/2403.09222","0","candidate",""
"2024","A Robust Semantic Communication System for Image Transmission","Xiang Peng; Zhijin Qin; Xiaoming Tao; Jianhua Lu; Khaled B. Letaief",,"10.1109/globecom52923.2024.10901733","https://openalex.org/W4408325217",,"6","candidate",""
"2024","A Robust Semantic Text Communication System","Xiang Peng; Zhijin Qin; Xiaoming Tao; Jianhua Lü; Lajos Hanzo","IEEE Transactions on Wireless Communications","10.1109/twc.2024.3381950","https://openalex.org/W4393371816","https://ieeexplore.ieee.org/ielx7/7693/4656680/10486856.pdf","44","candidate",""
"2024","A Unified Multi-Task Semantic Communication System for Multimodal Data","Guangyi Zhang; Qiyu Hu; Zhijin Qin; Yunlong Cai; Guanding Yu; Xiaoming Tao","IEEE Transactions on Communications","10.1109/tcomm.2024.3364990","https://openalex.org/W4391677749",,"140","candidate",""
"2024","Adaptive Resource Allocation for Semantic Communication Networks","Lingyi Wang; Wei Wu; Fuhui Zhou; Zhaohui Yang; Zhijin Qin; Qihui Wu","IEEE Transactions on Communications","10.1109/tcomm.2024.3405355","https://openalex.org/W4398775154",,"79","candidate",""
"2024","AI Empowered Wireless Communications: From Bits to Semantics","Zhijin Qin; Le Liang; Zijing Wang; Shi Jin; Xiaoming Tao; Wen Tong; Geoffrey Ye Li","Proceedings of the IEEE","10.1109/jproc.2024.3437730","https://openalex.org/W4401871087","https://doi.org/10.1109/jproc.2024.3437730","70","candidate",""
"2024","Compression Ratio Learning and Semantic Communications for Video Imaging","Bowen Zhang; Zhijin Qin; Geoffrey Ye Li","IEEE Journal of Selected Topics in Signal Processing","10.1109/jstsp.2024.3405853","https://openalex.org/W4399039588","https://ieeexplore.ieee.org/ielx7/4200690/5418892/10539255.pdf","8","candidate",""
"2024","Computational Offloading in Semantic-Aware Cloud-Edge-End Collaborative Networks","Zelin Ji; Zhijin Qin","IEEE Journal of Selected Topics in Signal Processing","10.1109/jstsp.2024.3433387","https://openalex.org/W4400976614",,"7","candidate",""
"2024","Computational Offloading in Semantic-Aware Cloud-Edge-End Collaborative Networks","Zelin Ji; Zhijin Qin","arXiv (Cornell University)","10.48550/arxiv.2402.18183","https://openalex.org/W4392340399","https://arxiv.org/pdf/2402.18183","0","candidate",""
"2024","Computing Networks Enabled Semantic Communications","Zhijin Qin; Jingkai Ying; Dingxi Yang; Hengjiang Wang; Xiaoming Tao","IEEE Network","10.1109/mnet.2024.3352031","https://openalex.org/W4390692162",,"23","candidate",""
"2024","End-to-End Semantic Information Transmission","Xiaoming Tao; Yiping Duan; Zhijin Qin; Danlan Huang; Liting Wang","Wireless networks","10.1007/978-3-031-64155-8_5","https://openalex.org/W4402601445",,"0","candidate",""
"2024","Energy-Efficient Distributed Spiking Neural Network for Wireless Edge Intelligence","Yanzhen Liu; Zhijin Qin; Geoffrey Ye Li","IEEE Transactions on Wireless Communications","10.1109/twc.2024.3374549","https://openalex.org/W4392822827","https://ieeexplore.ieee.org/ielx7/7693/4656680/10472876.pdf","26","candidate",""
"2024","Hybrid Bit and Semantic Communications","Kaiwen Yu; Renhe Fan; Gang Wu; Zhijin Qin","arXiv (Cornell University)","10.48550/arxiv.2404.19477","https://openalex.org/W4396600735","https://arxiv.org/pdf/2404.19477","0","candidate",""
"2024","Hybrid Digital-Analog Joint Semantic-Channel Coding for Image Transmission","Huiqiang Xie; Zhijin Qin; Zhu Han; Khaled B. Letaief",,"10.1109/gcwkshp64532.2024.11101089","https://openalex.org/W4413179990",,"0","candidate",""
"2024","Hybrid Digital-Analog Semantic Communications","Huiqiang Xie; Zhijin Qin; Zhu Han; Khaled B. Letaief","arXiv (Cornell University)","10.48550/arxiv.2405.12580","https://openalex.org/W4398230118","https://arxiv.org/pdf/2405.12580","0","candidate",""
"2024","Intellicise Wireless Networks From Semantic Communications: A Survey, Research Issues, and Challenges","Ping Zhang; Wenjun Xu; Yiming Liu; Xiaoqi Qin; Kai Niu; Shuguang Cui; Guangming Shi; Zhijin Qin; Xiaodong Xu; Fengyu Wang; Yue Meng; Chen Dong; Jincheng Dai; Qianqian Yang; Yaping Sun; Dahua Gao; Hui Gao; Shujun Han; Xiaodan Song","IEEE Communications Surveys & Tutorials","10.1109/comst.2024.3443193","https://openalex.org/W4401536718",,"54","candidate",""
"2024","IRS-Enhanced Secure Semantic Communication Networks: Cross-Layer and Context-Awared Resource Allocation","Lingyi Wang; Wei Wu; Fuhui Zhou; Zhijin Qin; Qihui Wu","IEEE Transactions on Wireless Communications","10.1109/twc.2024.3495720","https://openalex.org/W4404520586",,"30","candidate",""
"2024","IRS-Enhanced Secure Semantic Communication Networks: Cross-Layer and Context-Awared Resource Allocation","Lingyi Wang; Wei Wu; Fuhui Zhou; Zhijin Qin; Qihui Wu","arXiv (Cornell University)","10.48550/arxiv.2411.01821","https://openalex.org/W4404352967","https://arxiv.org/pdf/2411.01821","0","candidate",""
"2024","On Privacy, Security, and Trustworthiness in Distributed Wireless Large AI Models (WLAM)","Zhaohui Yang; Wei Xu; Le Liang; Yuanhao Cui; Zhijin Qin; Mérouane Debbah","arXiv (Cornell University)","10.48550/arxiv.2412.02538","https://openalex.org/W4405056521","https://arxiv.org/pdf/2412.02538","1","candidate",""
"2024","QoE Optimization for Wireless Multimedia Communications","Xiaoming Tao; Yiping Duan; Zhijin Qin; Danlan Huang; Liting Wang","Wireless networks","10.1007/978-3-031-64155-8_6","https://openalex.org/W4402601336",,"0","candidate",""
"2024","Resource Optimization for Semantic-Aware Networks With Task Offloading","Zelin Ji; Zhijin Qin; Xiaoming Tao; Zhu Han","IEEE Transactions on Wireless Communications","10.1109/twc.2024.3390407","https://openalex.org/W4395069600",,"28","candidate",""
"2024","Robust Semantic Communications for Speech Transmission","Zhenzi Weng; Zhijin Qin; Li, Geoffrey Ye","arXiv (Cornell University)","10.48550/arxiv.2403.05187","https://openalex.org/W4392678788","https://arxiv.org/pdf/2403.05187","0","candidate",""
"2024","Semantic Communication based on Large Language Model for Underwater Image Transmission","Weilong Chen; Wenxuan Xu; Haoran Chen; Xinran Zhang; Zhijin Qin; Yanru Zhang; Han Zhu","arXiv (Cornell University)","10.48550/arxiv.2408.12616","https://openalex.org/W4402698715","https://arxiv.org/pdf/2408.12616","1","candidate",""
"2024","Semantic communications: Theories, technologies and applications","Ping Zhang; Shi Guangming; Cui Shuguang; Zhaoyang Zhang; Kai Niu; Xiao Yong; Zhijin Qin; Jincheng Dai; Shuo Shao; Denız Gündüz; Eleonora Grassucci","China Communications","10.23919/jcc.2024.10606406","https://openalex.org/W4400878010",,"3","candidate",""
"2024","Semantic MIMO Systems for Speech-to-Text Transmission","Zhenzi Weng; Zhijin Qin; Huiqiang Xie; Xiaoming Tao; Khaled B. Letaief","arXiv (Cornell University)","10.48550/arxiv.2405.08096","https://openalex.org/W4396945269","https://arxiv.org/pdf/2405.08096","0","candidate",""
"2024","Semantic MIMO Systems for Speech-to-Text Transmission","Zhenzi Weng; Zhijin Qin; Huiqiang Xie; Xiaoming Tao; Khaled B. Letaief","IEEE Transactions on Wireless Communications","10.1109/twc.2024.3472612","https://openalex.org/W4403294986","https://doi.org/10.1109/twc.2024.3472612","17","candidate",""
"2024","Structural Coding","Xiaoming Tao; Yiping Duan; Zhijin Qin; Danlan Huang; Liting Wang","Wireless networks","10.1007/978-3-031-64155-8_4","https://openalex.org/W4402601446",,"0","candidate",""
"2024","Synchronous Multi-modal Semantic Communication System with Packet-level Coding","Yun Tian; Jingkai Ying; Zhijin Qin; Jin Ye; Xiaoming Tao","arXiv (Cornell University)","10.48550/arxiv.2408.04535","https://openalex.org/W4402385878","https://arxiv.org/pdf/2408.04535","0","candidate",""
"2024","Synchronous Semantic Communications for Video and Speech","Yun Tian; Jingkai Ying; Zhijin Qin; Ye Jin; Xiaoming Tao",,"10.1109/icc51166.2024.10622487","https://openalex.org/W4402156432",,"4","candidate",""
"2024","Task-Oriented Scene Graph-Based Semantic Communications With Adaptive Channel Coding","Shiqi Sun; Zhijin Qin; Huiqiang Xie; Xiaoming Tao","IEEE Transactions on Wireless Communications","10.1109/twc.2024.3450697","https://openalex.org/W4402217218",,"10","candidate",""
"2024","Toward Intelligent Communications: Large Model Empowered Semantic Communications","Huiqiang Xie; Zhijin Qin; Xiaoming Tao; Zhu Han","IEEE Communications Magazine","10.1109/mcom.001.2300807","https://openalex.org/W4400647281",,"25","candidate",""
"2024","Towards Intelligent Communications: Large Model Empowered Semantic Communications","Huiqiang Xie; Zhijin Qin; Xiaoming Tao; Zhu Han","arXiv (Cornell University)","10.48550/arxiv.2402.13073","https://openalex.org/W4392019382","https://arxiv.org/pdf/2402.13073","0","candidate",""
"2024","Wireless Video Transmission with Joint Semantic-Channel Coding","Yali Huang; Zhijin Qin",,"10.1109/gcwkshp64532.2024.11100878","https://openalex.org/W4413181087",,"0","candidate",""
"2025","A Robust Image Semantic Communication System With Multi-Scale Vision Transformer","Xiang Peng; Zhijin Qin; Xiaoming Tao; Jianhua Lu; Khaled B. Letaief","IEEE Journal on Selected Areas in Communications","10.1109/jsac.2025.3531413","https://openalex.org/W4406794329",,"26","candidate",""
"2025","Adaptive Sampling and Joint Semantic-Channel Coding under Dynamic Channel Environment","Zhiyuan Qi; Yulong Feng; Zhijin Qin","arXiv (Cornell University)","10.48550/arxiv.2502.07236","https://openalex.org/W4407424313","https://arxiv.org/pdf/2502.07236","0","candidate",""
"2025","Balancing Security and Efficiency in GAI-Driven Semantic Communication: Challenges, Solutions, and Future Paths","Qianyun Zhang; Jiting Shi; Weihao Zeng; Xinyu Xu; Zhenyu Guan; Shufeng Li; Zhijin Qin","IEEE Network","10.1109/mnet.2025.3578783","https://openalex.org/W4411203043",,"4","candidate",""
"2025","Cross-Layer Security for Semantic Communications: Metrics and Optimization","Lingyi Wang; Wei Wu; Fuhui Zhou; Zhijin Qin; Qihui Wu","IEEE Transactions on Vehicular Technology","10.1109/tvt.2025.3552777","https://openalex.org/W4408655639",,"11","candidate",""
"2025","Deep Learning Enabled Semantic Communications","Zhijin Qin; Huiqiang Xie; Zhenzi Weng; Xiaoming Tao",,"10.1002/9781394306268","https://openalex.org/W4417119208",,"0","candidate",""
"2025","Deep Learning-Based Semantic Communication System for Wireless Image Transmission","Li-Lin Hu; Lisu Yu; Zhijin Qin","IEEE Wireless Communications Letters","10.1109/lwc.2025.3570499","https://openalex.org/W4410393711",,"13","candidate",""
"2025","Enabling Green Wireless Communications with Neuromorphic Continual Learning","Yanzhen Liu; Zhijin Qin; Yongxu Zhu; Geoffrey Ye Li","arXiv (Cornell University)","10.48550/arxiv.2502.17168","https://openalex.org/W4414848665","https://arxiv.org/pdf/2502.17168","0","candidate",""
"2025","Energy-Efficient Resource Allocation for Multi-User Semantic Communications: A Deep Reinforcement Learning Approach","Xiaojing Chen; Jia Xu; Wei Ni; Shuyan Hu; Zhijin Qin; Shunqing Zhang","IEEE Wireless Communications Letters","10.1109/lwc.2025.3548677","https://openalex.org/W4408182557",,"3","candidate",""
"2025","Generative Semantic Communications for Robust Speech-to-Text Translation","Zhenzi Weng; Zijing Wang; Zhijin Qin; Xiaoming Tao","IEEE Transactions on Wireless Communications","10.1109/twc.2025.3590671","https://openalex.org/W4412718908",,"0","candidate",""
"2025","Hybrid Digital-Analog Semantic Communications","Huiqiang Xie; Zhijin Qin; Zhu Han; Khaled B. Letaief","IEEE Journal on Selected Areas in Communications","10.1109/jsac.2025.3559149","https://openalex.org/W4409326508","https://doi.org/10.1109/jsac.2025.3559149","3","candidate",""
"2025","Image Semantic Communication with Quadtree Partition-based Coding","Yali Huang; Zhijin Qin","arXiv (Cornell University)","10.48550/arxiv.2512.05395","https://openalex.org/W4417142397","https://arxiv.org/pdf/2512.05395","0","candidate",""
"2025","Image Semantic Communication With Quadtree Partition-Based Coding","Yinhuan Huang; Zhijin Qin","IEEE Journal on Selected Areas in Communications","10.1109/jsac.2025.3644827","https://openalex.org/W4417439063",,"1","candidate",""
"2025","Joint Semantic-Channel Coding and Modulation for Token Communications","Jingkai Ying; Zhijin Qin; Yulong Feng; Liejun Wang; Xiaoming Tao","IEEE Transactions on Wireless Communications","10.1109/twc.2025.3636174","https://openalex.org/W4416965747",,"0","candidate",""
"2025","Knowledge Distillation Driven Semantic NOMA for Image Transmission with Diffusion Model","Qifei Wang; Zhen Gao; Sun, Shuo; Zhijin Qin; Xiaodong Xu; Meixia Tao","arXiv (Cornell University)","10.48550/arxiv.2509.07363","https://openalex.org/W4416065819","https://arxiv.org/pdf/2509.07363","0","candidate",""
"2025","Knowledge Graph-Enhanced Robust Cognitive Semantic Communication Against Semantic Impairment","Wei Wu; Tianle Yao; Fuhui Zhou; Zhijin Qin; Han Hu; Quan Wu","IEEE Transactions on Communications","10.1109/tcomm.2025.3649647","https://openalex.org/W7117530080",,"0","candidate",""
"2025","Large Model Empowered Streaming Speech Semantic Communications","Zhenzi Weng; Zhijin Qin; Geoffrey Ye Li","IEEE Wireless Communications Letters","10.1109/lwc.2025.3584710","https://openalex.org/W4411867077",,"1","candidate",""
"2025","Large Speech Model Enabled Semantic Communication","Yun Tian; Zhijin Qin; Guonian Lv; Ye Jin; Kaibin Huang; Han, Zhu","arXiv (Cornell University)","10.48550/arxiv.2512.04711","https://openalex.org/W4417086965","https://arxiv.org/pdf/2512.04711","0","candidate",""
"2025","Multi-Task Semantic Communications via Large Models","Wanli Ni; Zhijin Qin; Haofeng Sun; Xiaoming Tao; Zhu Han","arXiv (Cornell University)","10.48550/arxiv.2503.22064","https://openalex.org/W4416421050","https://arxiv.org/pdf/2503.22064","0","candidate",""
"2025","On the Role of Semantic Communication in Non-Terrestrial Networks","Zijing Wang; Zhenzi Weng; Xiaoming Tao; Zhijin Qin","IEEE Communications Magazine","10.1109/mcom.002.2400595","https://openalex.org/W4410950134",,"2","candidate",""
"2025","Partial Sampling-Based Semantic Communications","Kaiwen Yu; Qi He; Gang Wu; Zhijin Qin","IEEE Transactions on Communications","10.1109/tcomm.2025.3579701","https://openalex.org/W4411270261",,"3","candidate",""
"2025","Progressive Learned Image Transmission for Semantic Communication Using Hierarchical VAE","Guangyi Zhang; Hanlei Li; Yunlong Cai; Qiyu Hu; Guanding Yu; Zhijin Qin","IEEE Transactions on Cognitive Communications and Networking","10.1109/tccn.2025.3546935","https://openalex.org/W4408017160",,"9","candidate",""
"2025","Robust Semantic Communications for Speech Transmission","Zhenzi Weng; Zhijin Qin; Geoffrey Ye Li",,"10.1109/icassp49660.2025.10889160","https://openalex.org/W4408351882",,"5","candidate",""
"2025","Secure Transmission in Wireless Semantic Communications With Adversarial Training","Jiting Shi; Qianyun Zhang; Weihao Zeng; Shufeng Li; Zhijin Qin","IEEE Communications Letters","10.1109/lcomm.2025.3526601","https://openalex.org/W4406138071",,"11","candidate",""
"2025","Semantic Communication Based on Large Language Model for Underwater Image Transmission","Weilong Chen; Wenxuan Xu; Haoran Chen; Xinran Zhang; Zhijin Qin; Yanru Zhang; Zhu Han","IEEE Transactions on Mobile Computing","10.1109/tmc.2025.3607717","https://openalex.org/W4414165894",,"5","candidate",""
"2025","Semantic-Driven AI Agent Communications: Challenges and Solutions","Kaiwen Yu; Mengying Sun; Zhijin Qin; Xiaodong Xu; Ping Yang; Yue Xiao; Gang Wu","arXiv (Cornell University)","10.48550/arxiv.2510.00381","https://openalex.org/W4414806775","https://arxiv.org/pdf/2510.00381","0","candidate",""
"2025","Semantic-Enabled Video Transmission over Packet Erasure Channel","Hao Chen; Wei Chen; Zhijin Qin",,"10.1109/iccworkshops67674.2025.11162464","https://openalex.org/W4414405990",,"0","candidate",""
"2025","Synchronous Multi-Modal Semantic Communication System With Packet-Level Coding","Yun Tian; Jingkai Ying; Zhijin Qin; Ye Jin; Xiaoming Tao","IEEE Transactions on Wireless Communications","10.1109/twc.2025.3534995","https://openalex.org/W4407127899",,"10","candidate",""
"2025","Ten challenges in semantic communications","Zhijin Qin; Ying Jingkai; Xin Gangtao; Fan Pingyi; Feng Wei; Ning Ge; Tao Xiaoming","China Communications","10.23919/jcc.ja.2024-0188","https://openalex.org/W4411472279",,"2","candidate",""
"2026","Goal-oriented communications for future cyber–physical systems","Cheng Feng; Jianhua Pei; Zhijin Qin; Kaibin Huang; Dusit Niyato; Geoffrey Ye Li; Yi Wang; Ping Wang; Chongqing Kang","Nature Reviews Electrical Engineering","10.1038/s44287-026-00303-9","https://openalex.org/W7166837831",,"0","candidate",""
"2026","Meta-Curriculum Federated Learning for Adaptive Task-Oriented Semantic Communication","Shufeng Li; Baoliang Wu; Qianyun Zhang; Zhijin Qin","IEEE Wireless Communications Letters","10.1109/lwc.2026.3685958","https://openalex.org/W7155030197",,"0","candidate",""
"2026","Real-World Applications","Wei Chen; Zhijin Qin","Textbooks in telecommunication engineering","10.1007/978-3-032-11005-3_13","https://openalex.org/W7162947367",,"1","candidate",""
"2026","Semantic Communication Enabled Holographic Video Processing and Transmission","Jingkai Ying; Zi-Han Qi; Ying Feng; Zhijin Qin; Zhu Han; Rahim Tafazolli; Yonina C. Eldar","IEEE Communications Magazine","10.1109/mcom.001.2500333","https://openalex.org/W4415275929","https://arxiv.org/pdf/2510.13408","0","candidate",""
