year,volume,issue,pages,title,authors,venue,doi,screening_status,screening_reason,publication_year_basis
2022,,,,AM³Net: Adaptive Mutual-Learning-Based Multimodal Data Fusion Network,Jinping Wang; Jun Li; Yanli Shi; Jianhuang Lai; Xiaojun Tan,IEEE Transactions on Circuits and Systems for Video Technology,10.1109/tcsvt.2022.3148257,excluded,ordinary visual coding/streaming hit without sufficient semantic/task/channel relevance,
2022,,,,Ambiguousness-Aware State Evolution for Action Prediction,Lei Chen; Jiwen Lu; Zhanjie Song; Jie Zhou,IEEE Transactions on Circuits and Systems for Video Technology,10.1109/tcsvt.2022.3156058,excluded,broad full-journal search hit outside the visual semantic-communication scope,
2022,,,,Attention in Attention: Modeling Context Correlation for Efficient Video Classification,Yanbin Hao; Shuo Wang; P.P. Cao; Xinjian Gao; Tong Xu; Jinmeng Wu; Xiangnan He,IEEE Transactions on Circuits and Systems for Video Technology,10.1109/tcsvt.2022.3169842,excluded,broad full-journal search hit outside the visual semantic-communication scope,
2022,,,,Data Protection in Palmprint Recognition via Dynamic Random Invisible Watermark Embedding,Chengcheng Liu; Dexing Zhong; Huikai Shao,IEEE Transactions on Circuits and Systems for Video Technology,10.1109/tcsvt.2022.3174582,excluded,image processing/security without a semantic-communication or visual-delivery system,
2022,,,,Deep Image Inpainting With Enhanced Normalization and Contextual Attention,Jialu Liu; Maoguo Gong; Zedong Tang; A. K. Qin; Hao Li; Fenlong Jiang,IEEE Transactions on Circuits and Systems for Video Technology,10.1109/tcsvt.2022.3175171,excluded,broad full-journal search hit outside the visual semantic-communication scope,
2022,,,,Detecting Steganography in JPEG Images Recompressed With the Same Quantization Matrix,Qingxiao Guan; Kaimeng Chen; Hefeng Chen; Weiming Zhang; Nenghai Yu,IEEE Transactions on Circuits and Systems for Video Technology,10.1109/tcsvt.2022.3155758,excluded,image processing/security without a semantic-communication or visual-delivery system,
2022,,,,Dual-Channel Multi-Task CNN for No-Reference Screen Content Image Quality Assessment,Chaofan Zhang; Ziqing Huang; Shiguang Liu; Jian Xiao,IEEE Transactions on Circuits and Systems for Video Technology,10.1109/tcsvt.2022.3143321,excluded,broad full-journal search hit outside the visual semantic-communication scope,
2022,,,,Landmarking for Navigational Streaming of Stored High-Dimensional Media,Yuan Yuan; Gene Cheung; Pascal Frossard; H. Vicky Zhao; Jiwu Huang,IEEE Transactions on Circuits and Systems for Video Technology,10.1109/tcsvt.2022.3150780,excluded,ordinary visual coding/streaming hit without sufficient semantic/task/channel relevance,
2022,,,,Overview and Efficiency of Decoder-Side Depth Estimation in MPEG Immersive Video,Dawid Mieloch; Patrick Garus; Marta Milovanović; Joël Jung; Jun Young Jeong; Smitha Lingadahalli Ravi; Basel Salahieh,IEEE Transactions on Circuits and Systems for Video Technology,10.1109/tcsvt.2022.3162916,excluded,image processing/security without a semantic-communication or visual-delivery system,
2022,,,,PSCC-Net: Progressive Spatio-Channel Correlation Network for Image Manipulation Detection and Localization,Xiaohong Liu; Yaojie Liu; Jun Chen; Xiaoming Liu,IEEE Transactions on Circuits and Systems for Video Technology,10.1109/tcsvt.2022.3189545,excluded,"computer-vision semantics, not communication/coding/transmission",
2022,,,,Perceptual Hashing With Complementary Color Wavelet Transform and Compressed Sensing for Reduced-Reference Image Quality Assessment,Mengzhu Yu; Zhenjun Tang; Xianquan Zhang; Bineng Zhong; Xinpeng Zhang,IEEE Transactions on Circuits and Systems for Video Technology,10.1109/tcsvt.2022.3190273,excluded,ordinary visual coding/streaming hit without sufficient semantic/task/channel relevance,
2022,,,,Reversible Data Hiding for Color Images Based on Adaptive Three-Dimensional Histogram Modification,Qi Chang; Xiaolong Li; Yao Zhao,IEEE Transactions on Circuits and Systems for Video Technology,10.1109/tcsvt.2022.3153796,excluded,broad full-journal search hit outside the visual semantic-communication scope,
2023,,,,A Cross-Scale Iterative Attentional Adversarial Fusion Network for Infrared and Visible Images,Zhishe Wang; Wenyu Shao; Yanlin Chen; Jiawei Xu; Lei Zhang,IEEE Transactions on Circuits and Systems for Video Technology,10.1109/tcsvt.2023.3239627,excluded,broad full-journal search hit outside the visual semantic-communication scope,
2023,,,,A Secret JPEG Image Sharing Method Over <i>GF</i>(2<i> <sup>M</sup> </i>) Galois Fields,Pauline Puteaux; Félix Yriarte; William Puech,IEEE Transactions on Circuits and Systems for Video Technology,10.1109/tcsvt.2022.3225644,excluded,ordinary visual coding/streaming hit without sufficient semantic/task/channel relevance,
2023,,,,Asynchronous Updating Boolean Network Encryption Algorithm,Suo Gao; Rui Wu; Xingyuan Wang; Jiafeng Liu; Qi Li; Chunpeng Wang; Xianglong Tang,IEEE Transactions on Circuits and Systems for Video Technology,10.1109/tcsvt.2023.3237136,excluded,ordinary visual coding/streaming hit without sufficient semantic/task/channel relevance,
2023,,,,Compact Temporal Trajectory Representation for Talking Face Video Compression,Bolin Chen; Zhao Wang; Binzhe Li; Shiqi Wang; Yan Ye,IEEE Transactions on Circuits and Systems for Video Technology,10.1109/tcsvt.2023.3271130,excluded,ordinary visual coding/streaming hit without sufficient semantic/task/channel relevance,
2023,,,,Deep Video Super-Resolution Using Hybrid Imaging System,Zicheng Feng; Wenlong Zhang; Shunkun Liang; Qifeng Yu,IEEE Transactions on Circuits and Systems for Video Technology,10.1109/tcsvt.2023.3250443,excluded,ordinary visual coding/streaming hit without sufficient semantic/task/channel relevance,
2023,,,,Deep and Low-Rank Quaternion Priors for Color Image Processing,Tingting Xu; Xiaoyu Kong; Qiangqiang Shen; Yongyong Chen; Yicong Zhou,IEEE Transactions on Circuits and Systems for Video Technology,10.1109/tcsvt.2022.3233589,excluded,image processing/security without a semantic-communication or visual-delivery system,
2023,,,,Dual Wavelet Attention Networks for Image Classification,Yuting Yang; Licheng Jiao; Xu Liu; Fang Liu; Shuyuan Yang; Lingling Li; Puhua Chen; Xiufang Li; Zhongjian Huang,IEEE Transactions on Circuits and Systems for Video Technology,10.1109/tcsvt.2022.3218735,excluded,broad full-journal search hit outside the visual semantic-communication scope,
2023,,,,Dual-Space Graph-Based Interaction Network for RGB-Thermal Semantic Segmentation in Electric Power Scene,Chang Xu; Qingwu Li; Xiongbiao Jiang; Dabing Yu; Yaqin Zhou,IEEE Transactions on Circuits and Systems for Video Technology,10.1109/tcsvt.2022.3216313,excluded,"computer-vision semantics, not communication/coding/transmission",
2023,,,,Dual-Uncertainty Guided Cycle-Consistent Network for Zero-Shot Learning,Yilei Zhang; Yi Tian; Sihui Zhang; Yaping Huang,IEEE Transactions on Circuits and Systems for Video Technology,10.1109/tcsvt.2023.3272111,excluded,"computer-vision semantics, not communication/coding/transmission",
2023,,,,Few-Shot Learning for Image Denoising,Bo Jiang; Yao Lu; Bob Zhang; Guangming Lu,IEEE Transactions on Circuits and Systems for Video Technology,10.1109/tcsvt.2023.3248585,excluded,image processing/security without a semantic-communication or visual-delivery system,
2023,,,,Image Sanitization in Online Social Networks: A General Framework for Breaking Robust Information Hiding,Zhiying Zhu; Wei Ping; Zhenxing Qian; Sheng Li; Xinpeng Zhang,IEEE Transactions on Circuits and Systems for Video Technology,10.1109/tcsvt.2022.3224243,excluded,ordinary visual coding/streaming hit without sufficient semantic/task/channel relevance,
2023,,,,Local Geometry-Based Intra Prediction for Octree-Structured Geometry Coding of Point Clouds,Zhecheng Wang; Shuai Wan; Lei Wei,IEEE Transactions on Circuits and Systems for Video Technology,10.1109/tcsvt.2022.3205333,excluded,ordinary visual coding/streaming hit without sufficient semantic/task/channel relevance,
2023,33,10,5375-5390,Locally Adaptive Channel Attention-Based Spatial–Spectral Neural Network for Image Deblurring,Ho Sub Lee; Sung In Cho,IEEE Transactions on Circuits and Systems for Video Technology,10.1109/tcsvt.2023.3250509,excluded,broad full-journal search hit outside the visual semantic-communication scope,
2023,,,,MASIC: Deep Mask Stereo Image Compression,Xin Deng; Yufan Deng; Ren Yang; Wenzhe Yang; Radu Timofte; Mai Xu,IEEE Transactions on Circuits and Systems for Video Technology,10.1109/tcsvt.2023.3253702,excluded,ordinary visual coding/streaming hit without sufficient semantic/task/channel relevance,
2023,,,,Mutually Beneficial Transformer for Multimodal Data Fusion,Jinping Wang; Xiaojun Tan,IEEE Transactions on Circuits and Systems for Video Technology,10.1109/tcsvt.2023.3274545,excluded,ordinary visual coding/streaming hit without sufficient semantic/task/channel relevance,
2023,,,,On Understanding of Spatiotemporal Prediction Model,Xu Huang; Xutao Li; Yunming Ye; Shanshan Feng; Chuyao Luo; Bowen Zhang,IEEE Transactions on Circuits and Systems for Video Technology,10.1109/tcsvt.2022.3232889,excluded,broad full-journal search hit outside the visual semantic-communication scope,
2023,,,,Quality-Constrained Encoding Optimization for Omnidirectional Video Streaming,Chaofan He; Roberto Gerson de Albuquerque Azevedo; Jiacheng Chen; Shuyuan Zhu; Bing Zeng; Pascal Frossard,IEEE Transactions on Circuits and Systems for Video Technology,10.1109/tcsvt.2023.3245066,excluded,ordinary visual coding/streaming hit without sufficient semantic/task/channel relevance,
2023,33,11,6431-6442,Single Image Reflection Removal Based on Dark Channel Sparsity Prior,Xinxin Zhang; Kaixin Xing; Qifang Liu; Da Chen; Yilong Yin,IEEE Transactions on Circuits and Systems for Video Technology,10.1109/tcsvt.2023.3270173,excluded,ordinary visual coding/streaming hit without sufficient semantic/task/channel relevance,
2023,33,11,6236-6248,Spectral Dual-Channel Encoding for Image Dehazing,Zhanchen Zhu; Daokun Zhang; Zhikang Wang; Siyuan Feng; Peibo Duan,IEEE Transactions on Circuits and Systems for Video Technology,10.1109/tcsvt.2023.3264717,excluded,image processing/security without a semantic-communication or visual-delivery system,
2023,,,,Symbol Position Recovery for Optical Camera Communication With High-Density Matrix Codes,Jianshuang Xu; Christian Brauers; Johannes Klein; Jörn Jochims; Ruediger Kays,IEEE Transactions on Circuits and Systems for Video Technology,10.1109/tcsvt.2022.3231648,excluded,"computer-vision semantics, not communication/coding/transmission",
2023,,,,Toward Optimal Real-Time Volumetric Video Streaming: A Rolling Optimization and Deep Reinforcement Learning Based Approach,Jie Li; H.P. Wang; Zhi Liu; Pengyuan Zhou; Xianfu Chen; Qiyue Li; Richang Hong,IEEE Transactions on Circuits and Systems for Video Technology,10.1109/tcsvt.2023.3277893,excluded,ordinary visual coding/streaming hit without sufficient semantic/task/channel relevance,
2023,,,,UCSNet: Priors Guided Adaptive Compressive Sensing Framework for Underwater Images,Lihao Zhuang; Liquan Shen; Zhengyong Wang; Yinyi Li,IEEE Transactions on Circuits and Systems for Video Technology,10.1109/tcsvt.2023.3261542,excluded,broad full-journal search hit outside the visual semantic-communication scope,
2023,,,,UIALN: Enhancement for Underwater Image With Artificial Light,Mengyao Li; Kun Wang; Liquan Shen; Yufei Lin; Zhengyong Wang; Qijie Zhao,IEEE Transactions on Circuits and Systems for Video Technology,10.1109/tcsvt.2023.3237993,excluded,image processing/security without a semantic-communication or visual-delivery system,
2023,,,,UIE-FSMC: Underwater Image Enhancement Based on Few-Shot Learning and Multi-Color Space,Nianzu Qiao; Jia Sun; Quanbo Ge; Changyin Sun,IEEE Transactions on Circuits and Systems for Video Technology,10.1109/tcsvt.2023.3253898,excluded,image processing/security without a semantic-communication or visual-delivery system,
2024,,,,A High Compression Efficiency Hardware Encoder for Intra and Inter Coding With 4K@30fps Throughput,Guohao Xu; Leilei Huang; Zhijian Hao; Wei Li; Shiyan Yi; Xiaoyang Zeng; Yibo Fan,IEEE Transactions on Circuits and Systems for Video Technology,10.1109/tcsvt.2024.3417382,excluded,ordinary visual coding/streaming hit without sufficient semantic/task/channel relevance,
2024,34,9,8427-8441,A Novel Truncated Norm Regularization Method for Multi-Channel Color Image Denoising,Yiwen Shan; Dong Hu; Zhi Wang,IEEE Transactions on Circuits and Systems for Video Technology,10.1109/tcsvt.2024.3382306,excluded,image processing/security without a semantic-communication or visual-delivery system,
2024,,,,A Novel Visually-Lossless Compression Model for Low-Latency Interaction,Huiwen Ren; Zetian Song; Liang Wei; Danni Wang; Yi Luo; Dongping Pan; Yucheng Sun; Haitao Yang; Fangdong Chen; Shanshe Wang; Siwei Ma; Wen Gao,IEEE Transactions on Circuits and Systems for Video Technology,10.1109/tcsvt.2023.3297128,excluded,ordinary visual coding/streaming hit without sufficient semantic/task/channel relevance,
2024,,,,A Secure Spatio-Temporal Chaotic Pseudorandom Generator for Image Encryption,Yu Wang; Liquan Chen; Kunliang Yu; Tong Fu,IEEE Transactions on Circuits and Systems for Video Technology,10.1109/tcsvt.2024.3384297,excluded,ordinary visual coding/streaming hit without sufficient semantic/task/channel relevance,
2024,34,11,11056-11069,Audio-Semantic Enhanced Pose-Driven Talking Head Generation,Meng Liu; Da Li; Yongqiang Li; Xuemeng Song; Liqiang Nie,IEEE Transactions on Circuits and Systems for Video Technology,10.1109/tcsvt.2024.3414412,excluded,broad full-journal search hit outside the visual semantic-communication scope,
2024,34,6,4542-4555,Channel-Wise Interactive Learning for Remote Heart Rate Estimation From Facial Video,Qi Li; Dan Guo; Wei Qian; Xilan Tian; Xiao Sun; Haifeng Zhao; Meng Wang,IEEE Transactions on Circuits and Systems for Video Technology,10.1109/tcsvt.2023.3332408,excluded,broad full-journal search hit outside the visual semantic-communication scope,
2024,,,,Content-Aware Rate Control for Geometry-Based Point Cloud Compression,Junteng Zhang; Junzhe Zhang; Wenxi Ma; Dandan Ding; Zhan Ma,IEEE Transactions on Circuits and Systems for Video Technology,10.1109/tcsvt.2024.3400527,excluded,ordinary visual coding/streaming hit without sufficient semantic/task/channel relevance,
2024,34,12,13029-13043,Continual Learning of No-Reference Image Quality Assessment With Channel Modulation Kernel,Hui Li; Liang Liao; Chaofeng Chen; Xiaopeng Fan; Wangmeng Zuo; Weisi Lin,IEEE Transactions on Circuits and Systems for Video Technology,10.1109/tcsvt.2024.3443414,excluded,broad full-journal search hit outside the visual semantic-communication scope,
2024,,,,Continuous and Overall Quality of Experience Evaluation for Streaming Video Based on Rich Features Exploration and Dual-Stage Attention,Ziheng Jia; Xiongkuo Min; Wei Sun; Guangtao Zhai,IEEE Transactions on Circuits and Systems for Video Technology,10.1109/tcsvt.2024.3418941,excluded,ordinary visual coding/streaming hit without sufficient semantic/task/channel relevance,
2024,,,,Cross-Modal Transformers for Infrared and Visible Image Fusion,S.H. Park; An Gia Vien; Chul Lee,IEEE Transactions on Circuits and Systems for Video Technology,10.1109/tcsvt.2023.3289170,excluded,broad full-journal search hit outside the visual semantic-communication scope,
2024,,,,D<sup>3</sup>C<sup>2</sup>-Net: Dual-Domain Deep Convolutional Coding Network for Compressive Sensing,Weiqi Li; Bin Chen; Shuai Liu; Shijie Zhao; Bowen Du; Yongbing Zhang; Jian Zhang,IEEE Transactions on Circuits and Systems for Video Technology,10.1109/tcsvt.2024.3397012,excluded,ordinary visual coding/streaming hit without sufficient semantic/task/channel relevance,
2024,,,,DATran: Dual Attention Transformer for Multi-Label Image Classification,Wei Zhou; Zhijie Zheng; Tao Su; Haifeng Hu,IEEE Transactions on Circuits and Systems for Video Technology,10.1109/tcsvt.2023.3284812,excluded,broad full-journal search hit outside the visual semantic-communication scope,
2024,,,,DBVC: An End-to-End 3-D Deep Biomedical Video Coding Framework,Dongmei Xue; Haichuan Ma; Li Li; Dong Liu; Zhiwei Xiong; Houqiang Li,IEEE Transactions on Circuits and Systems for Video Technology,10.1109/tcsvt.2023.3303228,excluded,ordinary visual coding/streaming hit without sufficient semantic/task/channel relevance,
2024,,,,Dynamic Hypergraph Convolutional Network for No-Reference Point Cloud Quality Assessment,Wu Chen; Qiuping Jiang; Wei Zhou; Long Xu; Weisi Lin,IEEE Transactions on Circuits and Systems for Video Technology,10.1109/tcsvt.2024.3410052,excluded,ordinary visual coding/streaming hit without sufficient semantic/task/channel relevance,
2024,,,,EUICN: An Efficient Underwater Image Compression Network,Mengyao Li; Liquan Shen; Xia Hua; Zhaoyi Tian,IEEE Transactions on Circuits and Systems for Video Technology,10.1109/tcsvt.2024.3369638,excluded,ordinary visual coding/streaming hit without sufficient semantic/task/channel relevance,
2024,34,8,7498-7511,Efficient Contextformer: Spatio-Channel Window Attention for Fast Context Modeling in Learned Image Compression,A. Burakhan Koyuncu; Panqi Jia; Atanas Boev; Elena Alshina; Eckehard Steinbach,IEEE Transactions on Circuits and Systems for Video Technology,10.1109/tcsvt.2024.3371686,excluded,ordinary visual coding/streaming hit without sufficient semantic/task/channel relevance,
2024,,,,Eliminating Contextual Prior Bias for Semantic Image Editing via Dual-Cycle Diffusion,Zuopeng Yang; Tianshu Chu; Xin Lin; Erdun Gao; Daqing Liu; Jie Yang; Chaoyue Wang,IEEE Transactions on Circuits and Systems for Video Technology,10.1109/tcsvt.2023.3286841,excluded,"computer-vision semantics, not communication/coding/transmission",
2024,,,,End-to-End Semantic Segmentation Utilizing Multi-Scale Baseline Light Field,Ruixuan Cong; Hao Sheng; Dazhi Yang; Da Yang; Rongshan Chen; Sizhe Wang; Zhenglong Cui,IEEE Transactions on Circuits and Systems for Video Technology,10.1109/tcsvt.2024.3367370,excluded,"computer-vision semantics, not communication/coding/transmission",
2024,34,8,7017-7028,Enhanced Pseudo-Label Generation With Self-Supervised Training for Weakly- Supervised Semantic Segmentation,Zhen Qin; Yujie Chen; Guosong Zhu; Erqiang Zhou; Yingjie Zhou; Yicong Zhou; Ce Zhu,IEEE Transactions on Circuits and Systems for Video Technology,10.1109/tcsvt.2024.3364764,excluded,"computer-vision semantics, not communication/coding/transmission",
2024,,,,Few-Shot Action Recognition via Multi-View Representation Learning,Xiao Wang; Yang Lu; YU Wan-chuan; Yanwei Pang; Hanzi Wang,IEEE Transactions on Circuits and Systems for Video Technology,10.1109/tcsvt.2024.3384875,excluded,image processing/security without a semantic-communication or visual-delivery system,
2024,,,,Guest Editorial Special Section on Recent Standardization Efforts for Learning-Based Visual Data Coding,Dong Liu; Shan Liu; João Ascenso; Dong Tian; Lu Yu,IEEE Transactions on Circuits and Systems for Video Technology,10.1109/tcsvt.2024.3391968,excluded,ordinary visual coding/streaming hit without sufficient semantic/task/channel relevance,
2024,,,,Inferring Video Streaming Quality of Real-Time Communication Inside Network,Zhang Yihang; Sheng Cheng; Zongming Guo; Xinggong Zhang,IEEE Transactions on Circuits and Systems for Video Technology,10.1109/tcsvt.2024.3375604,excluded,ordinary visual coding/streaming hit without sufficient semantic/task/channel relevance,
2024,,,,Instance Paradigm Contrastive Learning for Domain Generalization,Zining Chen; Weiqiu Wang; Zhicheng Zhao; Fei Su; Aidong Men; Yuan Dong,IEEE Transactions on Circuits and Systems for Video Technology,10.1109/tcsvt.2023.3289201,excluded,broad full-journal search hit outside the visual semantic-communication scope,
2024,,,,Joint Lossless Compression and Encryption for Medical Images,Ping Kong; Li An; Daidou Guo; Liang Zhou; Chuan Qin,IEEE Transactions on Circuits and Systems for Video Technology,10.1109/tcsvt.2023.3332228,excluded,ordinary visual coding/streaming hit without sufficient semantic/task/channel relevance,
2024,,,,Joint Pixel and Frequency Feature Learning and Fusion via Channel-Wise Transformer for High-Efficiency Learned In-Loop Filter in VVC,Birendra Kathariya; Zhu Li; Geert Van der Auwera,IEEE Transactions on Circuits and Systems for Video Technology,10.1109/tcsvt.2023.3323483,excluded,ordinary visual coding/streaming hit without sufficient semantic/task/channel relevance,
2024,34,1,195-206,Label Semantic Knowledge Distillation for Unbiased Scene Graph Generation,Lin Li; Jun Xiao; Hanrong Shi; Wenxiao Wang; Jian Shao; An-An Liu; Yi Yang; Long Chen,IEEE Transactions on Circuits and Systems for Video Technology,10.1109/tcsvt.2023.3282349,excluded,broad full-journal search hit outside the visual semantic-communication scope,
2024,,,,Learning Local Semantic Region Activations for Weakly Supervised Object Localization,Can Xu; Le Hui; Yuehui Han; Haobo Jiang; Jiaxin Chen; Jin Xie; Jian Yang,IEEE Transactions on Circuits and Systems for Video Technology,10.1109/tcsvt.2024.3404100,excluded,"computer-vision semantics, not communication/coding/transmission",
2024,,,,Local Extremum Constrained Total Variation Model for Natural and Hyperspectral Image Non-Blind Deblurring,Lan Li; Meiping Song; Qiang Zhang; Yushuai Dong; Yulei Wang; Qiangqiang Yuan,IEEE Transactions on Circuits and Systems for Video Technology,10.1109/tcsvt.2024.3385468,excluded,broad full-journal search hit outside the visual semantic-communication scope,
2024,,,,MaskCRT: Masked Conditional Residual Transformer for Learned Video Compression,Yi-Hsin Chen; Hong-Sheng Xie; Cheng‐Wei Chen; Zong-Lin Gao; Martin Benjak; Wen-Hsiao Peng; Jörn Östermann,IEEE Transactions on Circuits and Systems for Video Technology,10.1109/tcsvt.2024.3427426,excluded,ordinary visual coding/streaming hit without sufficient semantic/task/channel relevance,
2024,,,,Motion Compression Using Structurally Connected Neural Network,Guiyu Xia; Wenkai Ye; Peng Xue; Yubao Sun; Qingshan Liu,IEEE Transactions on Circuits and Systems for Video Technology,10.1109/tcsvt.2023.3332911,excluded,ordinary visual coding/streaming hit without sufficient semantic/task/channel relevance,
2024,,,,Multi-Prior Driven Network for RGB-D Salient Object Detection,Xiaoqin Zhang; Yuewang Xu; Tao Wang; Tangfei Liao,IEEE Transactions on Circuits and Systems for Video Technology,10.1109/tcsvt.2023.3268217,excluded,image processing/security without a semantic-communication or visual-delivery system,
2024,,,,Multiple Information Embedded Hashing for Large-Scale Cross-Modal Retrieval,Yongxin Wang; Yu-Wei Zhan; Zhen-Duo Chen; Xin Luo; Xin-Shun Xu,IEEE Transactions on Circuits and Systems for Video Technology,10.1109/tcsvt.2023.3340102,excluded,"computer-vision semantics, not communication/coding/transmission",
2024,34,2,799-814,Non-Uniform Illumination Underwater Image Restoration via Illumination Channel Sparsity Prior,Guojia Hou; Nan Li; Peixian Zhuang; Kunqian Li; Haihan Sun; Chongyi Li,IEEE Transactions on Circuits and Systems for Video Technology,10.1109/tcsvt.2023.3290363,excluded,image processing/security without a semantic-communication or visual-delivery system,
2024,,,,Optical Flow-Based Spatiotemporal Sketch for Video Representation: A Novel Framework,Qiyuan Du; Yiping Duan; Zhipeng Xie; Xiaoming Tao; Linsu Shi; Zhijuan Jin,IEEE Transactions on Circuits and Systems for Video Technology,10.1109/tcsvt.2023.3349130,excluded,ordinary visual coding/streaming hit without sufficient semantic/task/channel relevance,
2024,,,,Perceptual Depth Quality Assessment of Stereoscopic Omnidirectional Images,Wei Zhou; Zhou Wang,IEEE Transactions on Circuits and Systems for Video Technology,10.1109/tcsvt.2024.3449696,excluded,broad full-journal search hit outside the visual semantic-communication scope,
2024,34,10,10464-10478,Pre-Trained Transformer-Based Parallel Multi-Channel Adaptive Image Sequence Interpolation Network,Hui Liu; Gongguan Chen; Meng Liu; Liqiang Nie,IEEE Transactions on Circuits and Systems for Video Technology,10.1109/tcsvt.2024.3409395,excluded,broad full-journal search hit outside the visual semantic-communication scope,
2024,,,,Quantization Step Estimation of Color Images Based on Res2Net-C With Frequency Clustering Prior Knowledge,Xin Cheng; Jinwei Wang; Hao Wang; Xiangyang Luo; Bin Ma,IEEE Transactions on Circuits and Systems for Video Technology,10.1109/tcsvt.2023.3284910,excluded,ordinary visual coding/streaming hit without sufficient semantic/task/channel relevance,
2024,,,,RWS: Refined Weak Slice for Semantic Segmentation Enhancement,Yunbo Rao; Qingsong Lv; Andrei Sharf; Zhanglin Cheng,IEEE Transactions on Circuits and Systems for Video Technology,10.1109/tcsvt.2024.3361463,excluded,"computer-vision semantics, not communication/coding/transmission",
2024,34,4,2749-2762,Raw Image Based Over-Exposure Correction Using Channel-Guidance Strategy,Ying Fu; Yang Hong; Yunhao Zou; Qiankun Liu; Yiming Zhang; Ning Liu; Chenggang Yan,IEEE Transactions on Circuits and Systems for Video Technology,10.1109/tcsvt.2023.3311766,excluded,broad full-journal search hit outside the visual semantic-communication scope,
2024,,,,Recent Advances in Rate Control: From Optimization to Implementation and Beyond,Xuekai Wei; Mingliang Zhou; Heqiang Wang; Haoyan Yang; Lei Chen; Sam Kwong,IEEE Transactions on Circuits and Systems for Video Technology,10.1109/tcsvt.2023.3287561,excluded,ordinary visual coding/streaming hit without sufficient semantic/task/channel relevance,
2024,,,,Reflection Removal via Recurrent Learning Guided by Physics Prior and Focal Perceptual Loss,Zetao Shi; Yuenan Li; Feiyang Zhang,IEEE Transactions on Circuits and Systems for Video Technology,10.1109/tcsvt.2024.3403932,excluded,image processing/security without a semantic-communication or visual-delivery system,
2024,,,,Relation-Aware Multi-Pass Comparison Deconfounded Network for Change Captioning,Zhicong Lu; Li Jin; Ziwei Chen; Changyuan Tian; Xian Sun; Xiaoyu Li; Yi Zhang; Qi Li; Guangluan Xu,IEEE Transactions on Circuits and Systems for Video Technology,10.1109/tcsvt.2024.3445337,excluded,"computer-vision semantics, not communication/coding/transmission",
2024,,,,Reliable Phrase Feature Mining for Hierarchical Video-Text Retrieval,Huakai Lai; Wenfei Yang; Tianzhu Zhang; Yongdong Zhang,IEEE Transactions on Circuits and Systems for Video Technology,10.1109/tcsvt.2024.3422869,excluded,"computer-vision semantics, not communication/coding/transmission",
2024,,,,Removing Hidden Information by Geometrical Perturbation in Frequency Domain,Lin He; Bingwen Feng; Zecheng Peng; Bing Chen; Zhihua Xia; Wei Lu,IEEE Transactions on Circuits and Systems for Video Technology,10.1109/tcsvt.2024.3411874,excluded,image processing/security without a semantic-communication or visual-delivery system,
2024,,,,Robust Generative Steganography Based on Image Mapping,Qinghua Zhang; Fangjun Huang,IEEE Transactions on Circuits and Systems for Video Technology,10.1109/tcsvt.2024.3451620,excluded,image processing/security without a semantic-communication or visual-delivery system,
2024,,,,Semantic Disentanglement Adversarial Hashing for Cross-Modal Retrieval,Min Meng; Jiaxuan Sun; Jigang Liu; Jun Yu; Jigang Wu,IEEE Transactions on Circuits and Systems for Video Technology,10.1109/tcsvt.2023.3293104,excluded,"computer-vision semantics, not communication/coding/transmission",
2024,,,,Synergetic Assessment of Quality and Aesthetic: Approach and Comprehensive Benchmark Dataset,Kaiwei Zhang; Dandan Zhu; Xiongkuo Min; Zhongpai Gao; Guangtao Zhai,IEEE Transactions on Circuits and Systems for Video Technology,10.1109/tcsvt.2023.3303933,excluded,broad full-journal search hit outside the visual semantic-communication scope,
2024,,,,Toward Open-World Text-Driven Face Generation and Manipulation via StyleGAN3,Zonglin Li; Zhaoxin Zhang; Peiqiang Liu; Qinglin Liu; Xin Sun,IEEE Transactions on Circuits and Systems for Video Technology,10.1109/tcsvt.2024.3436900,excluded,"computer-vision semantics, not communication/coding/transmission",
2024,,,,TridentCap: Image-Fact-Style Trident Semantic Framework for Stylized Image Captioning,Lanxiao Wang; Heqian Qiu; Benliu Qiu; Fanman Meng; Qingbo Wu; Hongliang Li,IEEE Transactions on Circuits and Systems for Video Technology,10.1109/tcsvt.2023.3315133,excluded,"computer-vision semantics, not communication/coding/transmission",
2024,34,11,11115-11127,Uncertainty Modeling of the Transmission Map for Single Image Dehazing,Bokang Wang; Qian Ning; Fangfang Wu; Xin Li; Weisheng Dong; Guangming Shi,IEEE Transactions on Circuits and Systems for Video Technology,10.1109/tcsvt.2024.3412093,excluded,image processing/security without a semantic-communication or visual-delivery system,
2024,,,,Underwater Color Disparities: Cues for Enhancing Underwater Images Toward Natural Color Consistencies,Hao Wang; Shixin Sun; Peng Ren,IEEE Transactions on Circuits and Systems for Video Technology,10.1109/tcsvt.2023.3289566,excluded,image processing/security without a semantic-communication or visual-delivery system,
2024,,,,Underwater Image Enhancement via Principal Component Fusion of Foreground and Background,Weidong Zhang; Qingmin Liu; Yikun Feng; Lei Cai; Peixian Zhuang,IEEE Transactions on Circuits and Systems for Video Technology,10.1109/tcsvt.2024.3412748,excluded,image processing/security without a semantic-communication or visual-delivery system,
2024,,,,"Underwater Image Quality Improvement via Color, Detail, and Contrast Restoration",Zheng Liang; Weidong Zhang; Rui Ruan; Peixian Zhuang; Xiwang Xie; Chongyi Li,IEEE Transactions on Circuits and Systems for Video Technology,10.1109/tcsvt.2023.3297524,excluded,image processing/security without a semantic-communication or visual-delivery system,
2024,,,,VADiffusion: Compressed Domain Information Guided Conditional Diffusion for Video Anomaly Detection,Hao Liu; Lijun He; Miao Zhang; Fan Li,IEEE Transactions on Circuits and Systems for Video Technology,10.1109/tcsvt.2024.3382633,excluded,ordinary visual coding/streaming hit without sufficient semantic/task/channel relevance,
2024,,,,ViT Spatio-Temporal Feature Fusion for Aerial Object Tracking,Chuangye Guo; Kang Liu; Deng Dong-hu; Xuelong Li,IEEE Transactions on Circuits and Systems for Video Technology,10.1109/tcsvt.2023.3326695,excluded,ordinary visual coding/streaming hit without sufficient semantic/task/channel relevance,
2024,,,,Video Rescaling With Recurrent Diffusion,Dingyi Li; Yü Liu; Zengfu Wang; Jian Yang,IEEE Transactions on Circuits and Systems for Video Technology,10.1109/tcsvt.2024.3397927,excluded,ordinary visual coding/streaming hit without sufficient semantic/task/channel relevance,
2024,,,,XFMP: A Benchmark for Explainable Fine-Grained Abnormal Behavior Recognition on Medical Personal Protective Equipment,Jiaxi Liu; Jinghao Niu; Weifeng Li; Xin Li; Binbin He; Hao Zhou; Yanjuan Liu; Li Ding; Bo Wang; Wensheng Zhang,IEEE Transactions on Circuits and Systems for Video Technology,10.1109/tcsvt.2024.3405998,excluded,"computer-vision semantics, not communication/coding/transmission",
2025,,,,A Bidirectional Cross-Scrambling Medical Image Encryption Scheme Incorporates Compressed Sensing and Its Application in IoMT,Qiang Lai; Lina Ji,IEEE Transactions on Circuits and Systems for Video Technology,10.1109/tcsvt.2025.3545788,excluded,ordinary visual coding/streaming hit without sufficient semantic/task/channel relevance,
2025,35,2,1774-1786,A Novel Memristive Multiscroll Multistable Neural Network With Application to Secure Medical Image Communication,Sen Zhang; Xuenan Peng; Xiaoping Wang; Chengjie Chen; Zhigang Zeng,IEEE Transactions on Circuits and Systems for Video Technology,10.1109/tcsvt.2024.3483569,excluded,broad full-journal search hit outside the visual semantic-communication scope,
2025,,,,A Secure Medical Image Encryption Scheme Based on Cross-Ring Josephus Scrambling and Two-Dimensional Cellular Automata,Yu Liu; Chun Luo; Wanglong Wan; Wenqiang Jin; Zheng Qin,IEEE Transactions on Circuits and Systems for Video Technology,10.1109/tcsvt.2025.3578142,excluded,ordinary visual coding/streaming hit without sufficient semantic/task/channel relevance,
2025,,,,Adaptive On-Device Model Update for Responsive Video Analytics in Adverse Environments,Yuxin Kong; Peng Yang; Yan Cheng,IEEE Transactions on Circuits and Systems for Video Technology,10.1109/tcsvt.2024.3466524,excluded,ordinary visual coding/streaming hit without sufficient semantic/task/channel relevance,
2025,,,,Adversarial Diffusion Network for Dunhuang Mural Inpainting,Jing Lian; jibao zhang; Shiqiang Du; Qidong Liu; Jizhao Liu,IEEE Transactions on Circuits and Systems for Video Technology,10.1109/tcsvt.2025.3537685,excluded,image processing/security without a semantic-communication or visual-delivery system,
2025,,,,BRIUIE: A Bio-Retina Inspired Underwater Image Enhancement Framework,Congcong Li; Xinze Zheng; Fengqi Xiao; Fei Yuan,IEEE Transactions on Circuits and Systems for Video Technology,10.1109/tcsvt.2025.3561601,excluded,image processing/security without a semantic-communication or visual-delivery system,
2025,,,,BatStyler: Advancing Multi-Category Style Generation for Source-Free Domain Generalization,Xiangru Xu; Lei Qi; Jingyang Zhou; Xin Geng,IEEE Transactions on Circuits and Systems for Video Technology,10.1109/tcsvt.2025.3525715,excluded,ordinary visual coding/streaming hit without sufficient semantic/task/channel relevance,
2025,35,12,12607-12621,Beyond Inserting: Learning Subject Embedding for Semantic-Fidelity Personalized Diffusion Generation,Yang Li; Songlin Yang; Wei Wang; Jing Dong,IEEE Transactions on Circuits and Systems for Video Technology,10.1109/tcsvt.2025.3588882,excluded,broad full-journal search hit outside the visual semantic-communication scope,
2025,35,10,10188-10198,Boundary-Aware Semantic Bird-Eye-View Map Generation Based on Conditional Diffusion Models,Shuang Gao; Qiang Wang; Yuxiang Sun,IEEE Transactions on Circuits and Systems for Video Technology,10.1109/tcsvt.2025.3564002,excluded,broad full-journal search hit outside the visual semantic-communication scope,
2025,,,,CSDet: A Compressed Sensing Object Detection Architecture With Lightweight Networks,Xiaoqian Huang; Yong Gong; Wenhao Wu; Saike Zhu; Yi Zhao,IEEE Transactions on Circuits and Systems for Video Technology,10.1109/tcsvt.2024.3485820,excluded,ordinary visual coding/streaming hit without sufficient semantic/task/channel relevance,
2025,,,,CTIGEN-CDM: Controlled Text-to-Image Generation Using Cropped Diffusion Models,Yangpeng Liu; Junjian Huang; Shiping Wen; Xing He; Wei Zhang; Zhao Feng,IEEE Transactions on Circuits and Systems for Video Technology,10.1109/tcsvt.2025.3585688,excluded,"computer-vision semantics, not communication/coding/transmission",
2025,,,,Class-Aware Prompting for Federated Few-Shot Class-Incremental Learning,Fang-Yi Liang; Yu-Wei Zhan; Jiale Liu; Chong-Yu Zhang; Zhen-Duo Chen; Xin Luo; Xin-Shun Xu,IEEE Transactions on Circuits and Systems for Video Technology,10.1109/tcsvt.2025.3551612,excluded,ordinary visual coding/streaming hit without sufficient semantic/task/channel relevance,
2025,,,,Color Image High-Capacity Differential Steganography Algorithm Based on Multiple Adversarial Networks,Bin Ma; Haocheng Wang; Jian Xu; Xiaoyu Wang; Xiaolong Li; Jian Li,IEEE Transactions on Circuits and Systems for Video Technology,10.1109/tcsvt.2024.3508849,excluded,image processing/security without a semantic-communication or visual-delivery system,
2025,,,,Concept-Level Semantic Transfer and Context-Level Distribution Modeling for Few-Shot Segmentation,Yuxuan Luo; Jinpeng Chen; Runmin Cong; Horace H. S. Ip; Sam Kwong,IEEE Transactions on Circuits and Systems for Video Technology,10.1109/tcsvt.2025.3554013,excluded,"computer-vision semantics, not communication/coding/transmission",
2025,35,8,8391-8405,Coverless Image Steganography Based on Semantic-Controlled Text-to-Image Generation,Xiao Li; Liquan Chen; Tong Fu; Zhangjie Fu; Yuan Gao,IEEE Transactions on Circuits and Systems for Video Technology,10.1109/tcsvt.2025.3545067,excluded,image processing/security without a semantic-communication or visual-delivery system,
2025,,,,C³shartMark: A Chart Watermarking Scheme With Consecutive-Encoding and Concurrent-Decoding,Linfeng Ma; Han Fang; Zehua Ma; Zhaoyang Jia; Weiming Zhang; Nenghai Yu,IEEE Transactions on Circuits and Systems for Video Technology,10.1109/tcsvt.2024.3454531,excluded,"computer-vision semantics, not communication/coding/transmission",
2025,,,,Depression Scale Dictionary Decomposition Framework for Multimodal Automatic Depression Level Prediction,Mingyue Niu; Xu Wang; Jibing Gong; Bin Liu; Jianhua Tao; Björn W. Schuller,IEEE Transactions on Circuits and Systems for Video Technology,10.1109/tcsvt.2025.3533480,excluded,broad full-journal search hit outside the visual semantic-communication scope,
2025,,,,Dual Prototypes-Based Personalized Federated Adversarial Cross-Modal Hashing,Lingchen Gu; Xiaojuan Shen; Jiande Sun; Yan Liu; Jing Li; Zhihui Li; Sen-ching S. Cheung; Wenbo Wan,IEEE Transactions on Circuits and Systems for Video Technology,10.1109/tcsvt.2025.3588161,excluded,broad full-journal search hit outside the visual semantic-communication scope,
2025,35,5,4011-4025,ECINFusion: A Novel Explicit Channel-Wise Interaction Network for Unified Multi-Modal Medical Image Fusion,Xinjian Wei; Yu Qiu; Xiaoxuan Xu; Jing Xu; Jie Mei; Jun Zhang,IEEE Transactions on Circuits and Systems for Video Technology,10.1109/tcsvt.2024.3516705,excluded,broad full-journal search hit outside the visual semantic-communication scope,
2025,,,,ERD: Encoder-Residual-Decoder Neural Network for Underwater Image Enhancement,Jingchao Cao; Wangzhen Peng; Yutao Liu; Junyu Dong; Patrick Le Callet; Sam Kwong,IEEE Transactions on Circuits and Systems for Video Technology,10.1109/tcsvt.2025.3556203,excluded,image processing/security without a semantic-communication or visual-delivery system,
2025,,,,Efficient Text-Guided 3D-Aware Generation With Score Distillation on 3D Distribution,Yiji Cheng; Fei Yin; Xiaoke Huang; Xintong Yu; Jiaxiang Liu; Shikun Feng; Yujiu Yang; Yansong Tang,IEEE Transactions on Circuits and Systems for Video Technology,10.1109/tcsvt.2025.3559931,excluded,broad full-journal search hit outside the visual semantic-communication scope,
2025,,,,End-to-End Optimized Lossy Compression for Neural-Morphic Spiking Camera Captured Data,Kexiang Feng; Chuanmin Jia; Jingshan Pan; Siwei Ma; Wen Gao,IEEE Transactions on Circuits and Systems for Video Technology,10.1109/tcsvt.2025.3530947,excluded,ordinary visual coding/streaming hit without sufficient semantic/task/channel relevance,
2025,,,,Extracting Noise and Darkness: Low-Light Image Enhancement via Dual Prior Guidance,Huake Wang; Xiaoyang Yan; Xingsong Hou; Kaibing Zhang; Yujie Dun,IEEE Transactions on Circuits and Systems for Video Technology,10.1109/tcsvt.2024.3480930,excluded,image processing/security without a semantic-communication or visual-delivery system,
2025,,,,FasterCReW: Performance or Efficiency? A Lightweight Conditional Residual DNN-Based Watermarking Based on FasterNet,Baowei Wang; Jianbo Zhang; Yufeng Wu; Qi Cui,IEEE Transactions on Circuits and Systems for Video Technology,10.1109/tcsvt.2025.3550908,excluded,image processing/security without a semantic-communication or visual-delivery system,
2025,,,,For Overall Nighttime Visibility: Integrate Irregular Glow Removal With Glow-Aware Enhancement,Wanyu Wu; Wei Wang; Zheng Wang; Kui Jiang; Zhengguo Li,IEEE Transactions on Circuits and Systems for Video Technology,10.1109/tcsvt.2024.3465670,excluded,"computer-vision semantics, not communication/coding/transmission",
2025,,,,Frequency Decoupled Domain-Irrelevant Feature Learning for Pan-Sharpening,Jie Zhang; Ke Cao; Keyu Yan; Yunlong Lin; Xuanhua He; Yingying Wang; Rui Li; Chengjun Xie; Jun Zhang; Man Zhou,IEEE Transactions on Circuits and Systems for Video Technology,10.1109/tcsvt.2024.3480950,excluded,image processing/security without a semantic-communication or visual-delivery system,
2025,,,,From Dynamic to Static: Stepwisely Generate HDR Image for Ghost Removal,Qingsen Yan; Kangzhen Yang; Tao Hu; Genggeng Chen; Kexin Dai; Peng Wu; Wenqi Ren; Yanning Zhang,IEEE Transactions on Circuits and Systems for Video Technology,10.1109/tcsvt.2024.3467259,excluded,image processing/security without a semantic-communication or visual-delivery system,
2025,35,10,9763-9774,Fusion-Based Channel-Wise Isotropic Convergent Real-Time Underwater Image Enhancement,Yuehan Chen; Jiqing Zhang; Yafeng Li; Yudong Li; Haoming Tang; Huibing Wang; Xianping Fu,IEEE Transactions on Circuits and Systems for Video Technology,10.1109/tcsvt.2025.3570651,excluded,image processing/security without a semantic-communication or visual-delivery system,
2025,,,,Harmony: An Eco-Friendly Adaptive Rate Control Scheme for Video-on-Demand in Low Earth Orbit Satellite Internet,Zitong Li; Changqiao Xu; Han Xiao; Chuxing Fang; Lujie Zhong; Shujie Yang; Gabriel‐Miro Muntean,IEEE Transactions on Circuits and Systems for Video Technology,10.1109/tcsvt.2024.3510036,excluded,ordinary visual coding/streaming hit without sufficient semantic/task/channel relevance,
2025,,,,Image Manipulation Quality Assessment,Xinbo Wu; Jianxun Lou; Yingying Wu; Wanan Liu; Paul L. Rosin; Gualtiero B. Colombo; Stuart M. Allen; Roger M. Whitaker; Hantao Liu,IEEE Transactions on Circuits and Systems for Video Technology,10.1109/tcsvt.2024.3504854,excluded,ordinary visual coding/streaming hit without sufficient semantic/task/channel relevance,
2025,,,,Keypoints and Action Units Jointly Drive Talking Head Generation for Video Conferencing,Wuzhen Shi; Zibang Xue; Yang Wen,IEEE Transactions on Circuits and Systems for Video Technology,10.1109/tcsvt.2025.3560369,excluded,image processing/security without a semantic-communication or visual-delivery system,
2025,,,,L2A: Learning Affinity From Attention for Weakly Supervised Continual Semantic Segmentation,Hao Liu; Yong Zhou; Bing Liu; Ming Yan; Joey Tianyi Zhou,IEEE Transactions on Circuits and Systems for Video Technology,10.1109/tcsvt.2024.3462946,excluded,"computer-vision semantics, not communication/coding/transmission",
2025,,,,MIFNet: Multi-Scale Interaction Fusion Network for Remote Sensing Image Change Detection,Weiying Xie; Wenjie Shao; Daixun Li; Yunsong Li; Leyuan Fang,IEEE Transactions on Circuits and Systems for Video Technology,10.1109/tcsvt.2024.3494820,excluded,ordinary visual coding/streaming hit without sufficient semantic/task/channel relevance,
2025,,,,Multi-Expert Adaptive Selection: Task-Balancing for All-in-One Image Restoration,Xiaoyan Yu; Shen Zhou; Huafeng Li; Liehuang Zhu,IEEE Transactions on Circuits and Systems for Video Technology,10.1109/tcsvt.2024.3516074,excluded,image processing/security without a semantic-communication or visual-delivery system,
2025,,,,Multidimensional Fusion Network for Multispectral Object Detection,Fan Yang; Binbin Liang; Wei Li; Jianwei Zhang,IEEE Transactions on Circuits and Systems for Video Technology,10.1109/tcsvt.2024.3454631,excluded,broad full-journal search hit outside the visual semantic-communication scope,
2025,,,,Non-Aligned Supervision for Real Image Dehazing,Junkai Fan; Xiang Li; Jianjun Qian; Jun Li; Jian Yang,IEEE Transactions on Circuits and Systems for Video Technology,10.1109/tcsvt.2025.3573040,excluded,image processing/security without a semantic-communication or visual-delivery system,
2025,,,,Perceptual Quality Assessment of High-Dynamic-Range Image: A Benchmark Dataset and a No Reference Method,Zihao Zhou; Liquan Shen; Jun Lei; Zhaoyi Tian; Xiangyu Hu; Shiwei Wang; Yang Chen,IEEE Transactions on Circuits and Systems for Video Technology,10.1109/tcsvt.2025.3541772,excluded,ordinary visual coding/streaming hit without sufficient semantic/task/channel relevance,
2025,,,,Pose-Skeleton Guided Cross-Attention Representation Fusion for Occluded Pedestrian Re-Identification,Shuze Geng; Yifan Liu; Zijin Wang; Gang Yan; Yang Yu; Yingchun Guo,IEEE Transactions on Circuits and Systems for Video Technology,10.1109/tcsvt.2025.3556250,excluded,"computer-vision semantics, not communication/coding/transmission",
2025,,,,Prior-Guided Dual-Reference Contrastive Learning for Underwater Object Detection,Lei Cao; Liquan Shen; Yu Meng; Zhengyong Wang; Cheng Shen,IEEE Transactions on Circuits and Systems for Video Technology,10.1109/tcsvt.2025.3545694,excluded,image processing/security without a semantic-communication or visual-delivery system,
2025,35,4,3798-3811,Q-LIC: Quantizing Learned Image Compression With Channel Splitting,Heming Sun; Lu Yu; Jiro Katto,IEEE Transactions on Circuits and Systems for Video Technology,10.1109/tcsvt.2022.3231789,excluded,ordinary visual coding/streaming hit without sufficient semantic/task/channel relevance,
2025,,,,RT3DHVC: A Real-Time Human Holographic Video Conferencing System With a Consumer RGB-D Camera Array,Yuqi Jiang; Jing Li; Yanran Dai; Haidong Qin; Xiaoshi Zhou; Yong Zhang; H. B. Liu; Kefan Yan; Tao Yang,IEEE Transactions on Circuits and Systems for Video Technology,10.1109/tcsvt.2024.3520621,excluded,ordinary visual coding/streaming hit without sufficient semantic/task/channel relevance,
2025,,,,Robust Image Steganography via Color Conversion,Qi Li; Bin Ma; Xianping Fu; Xiaoyu Wang; Chunpeng Wang; Xiaolong Li,IEEE Transactions on Circuits and Systems for Video Technology,10.1109/tcsvt.2024.3466961,excluded,image processing/security without a semantic-communication or visual-delivery system,
2025,35,9,9428-9442,ShiftLIC: Lightweight Learned Image Compression With Spatial-Channel Shift Operations,Youneng Bao; Wen Tan; Chuanmin Jia; Mu Li; Yongsheng Liang; Yonghong Tian,IEEE Transactions on Circuits and Systems for Video Technology,10.1109/tcsvt.2025.3556708,excluded,ordinary visual coding/streaming hit without sufficient semantic/task/channel relevance,
2025,,,,Siamese Visual Tracking With Multi-Parallel Interactive Transformers,Wuwei Wang; Meibo Lv; Lin Zhu; Tuo Han; Yi Zhang; Yuanqing Li,IEEE Transactions on Circuits and Systems for Video Technology,10.1109/tcsvt.2025.3569633,excluded,ordinary visual coding/streaming hit without sufficient semantic/task/channel relevance,
2025,,,,Spatial Quality Oriented Rate Control for Volumetric Video Streaming via Deep Reinforcement Learning,Xi Wang; Wei Liu; Shimin Gong; Zhi Liu; Jing Xu; Yuming Fang,IEEE Transactions on Circuits and Systems for Video Technology,10.1109/tcsvt.2024.3523348,excluded,ordinary visual coding/streaming hit without sufficient semantic/task/channel relevance,
2025,35,1,601-616,TAFormer: A Transmission-Aware Transformer for Underwater Image Enhancement,Yuanyuan Li; Zetian Mi; Yulin Wang; Shuaiyong Jiang; Xianping Fu,IEEE Transactions on Circuits and Systems for Video Technology,10.1109/tcsvt.2024.3455353,excluded,image processing/security without a semantic-communication or visual-delivery system,
2025,,,,Turbid Underwater Image Enhancement With Illumination-Constrained and Structure-Preserved Retinex Model,Shuai Liu; Yuchao Zheng; Jianru Li; Huimin Lu; Dong An; Zhengxiang Shen; Zhanshan Wang,IEEE Transactions on Circuits and Systems for Video Technology,10.1109/tcsvt.2025.3575846,excluded,image processing/security without a semantic-communication or visual-delivery system,
2025,,,,"Understanding Operational CDN Live Streaming: A Measurement Study on Performance, Costs, and Enhancements",Danfu Yuan; Weizhan Zhang; Haiyu Huang; Kai Xiao; Yunfei Ma; Xuan Zeng; Peng Chen; Hongfei Yan; Yubing Qiu; Mingliang Yang; Songlin Li; Jinghui Zhong; Bin Xie,IEEE Transactions on Circuits and Systems for Video Technology,10.1109/tcsvt.2025.3538515,excluded,image processing/security without a semantic-communication or visual-delivery system,
2025,,,,Underwater Vignetting Image Correction Based on Binary Polynomial Regularization and Latent Low-Rank Representation,Yulin Wang; Yueming Ma; Yuanyuan Li; Jiqing Zhang; Zetian Mi; Xianping Fu,IEEE Transactions on Circuits and Systems for Video Technology,10.1109/tcsvt.2024.3504000,excluded,ordinary visual coding/streaming hit without sufficient semantic/task/channel relevance,
2025,,,,Unifying Physically-Informed Weather Priors in a Single Model for Image Restoration Across Multiple Adverse Weather Conditions,Jiaqi Xu; Xiaowei Hu; Lei Zhu; Pheng‐Ann Heng,IEEE Transactions on Circuits and Systems for Video Technology,10.1109/tcsvt.2025.3561470,excluded,image processing/security without a semantic-communication or visual-delivery system,
2025,,,,Viewport Prediction for Volumetric Video Streaming by Exploring Video Saliency and User Trajectory Information,Jie Li; Zhixin Li; Zhi Liu; Pengyuan Zhou; Richang Hong; Qiyue Li; Han Hu,IEEE Transactions on Circuits and Systems for Video Technology,10.1109/tcsvt.2025.3577724,excluded,ordinary visual coding/streaming hit without sufficient semantic/task/channel relevance,
2025,,,,When Aware Haze Density Meets Diffusion Model for Synthetic-to-Real Dehazing,Shibai Yin; Yiwei Shi; Y. N. Wang; Yee‐Hong Yang,IEEE Transactions on Circuits and Systems for Video Technology,10.1109/tcsvt.2024.3520816,excluded,image processing/security without a semantic-communication or visual-delivery system,
2026,,,,AdaNoise: Cycle-Consistent Image Translation With Domain-Adaptive Noise Perturbation,Xi Yang; Haoyuan Shi; Fei Gao; Nannan Wang,IEEE Transactions on Circuits and Systems for Video Technology,10.1109/tcsvt.2026.3681274,excluded,image processing/security without a semantic-communication or visual-delivery system,
2026,,,1-1,Adaptive Optical Image Enhancement under Transformer Oil via Bright Channel and Statistical Feature Distributions,Hu Qiang; Yuzhong Zhong; Songyi Dian,IEEE Transactions on Circuits and Systems for Video Technology,10.1109/tcsvt.2026.3689571,excluded,image processing/security without a semantic-communication or visual-delivery system,
2026,,,,"Amplitude, Phase, and Gradient Recovery From Compressed SAR Images",Paras Maharjan; Zhu Li; Chris McGuiness,IEEE Transactions on Circuits and Systems for Video Technology,10.1109/tcsvt.2026.3654125,excluded,ordinary visual coding/streaming hit without sufficient semantic/task/channel relevance,
2026,,,,An MoE-Driven Unified Image Restoration Framework for Adverse Weather Conditions,Tao An; Hongbo Gao; Ruqi Liu; Kun Dai; Tao Xie; Ruifeng Li; Ke Wang; Lijun Zhao,IEEE Transactions on Circuits and Systems for Video Technology,10.1109/tcsvt.2025.3625191,excluded,image processing/security without a semantic-communication or visual-delivery system,
2026,,,,Beyond Direct Embedding: Secure Separable Latent Space Watermarking for Anti-Screen-Shooting,Jiyou Chen; Xiyang Xie; Dewang Wang; Huihuang Zhao; Gaobo Yang,IEEE Transactions on Circuits and Systems for Video Technology,10.1109/tcsvt.2026.3670224,excluded,image processing/security without a semantic-communication or visual-delivery system,
2026,,,,Building an Invisible Shield to Enable Traceable Privacy Protection for Medical Images in Telemedicine,Wenying Wen; Xiao Lin; Xiangli Xiao; Xuji Tu; Yushu Zhang,IEEE Transactions on Circuits and Systems for Video Technology,10.1109/tcsvt.2026.3651596,excluded,image processing/security without a semantic-communication or visual-delivery system,
2026,,,,CD-GAN: Comparative Disentanglement Learning for Zero-Shot Cross-Modal Retrieval,Qi Li; Shihao Wang; Yuhao Liu; Xiaorong Zhu; Shaojin Bai; Weizhi Nie,IEEE Transactions on Circuits and Systems for Video Technology,10.1109/tcsvt.2026.3690495,excluded,"computer-vision semantics, not communication/coding/transmission",
2026,,,,CL-DRW: Curriculum Learning-Based Deep Robust Watermarking for Social Networks,Yingshuai Zhao; Guopu Zhu; Jiantao Zhou; Xiaolong Li; Hongli Zhang; Xinpeng Zhang,IEEE Transactions on Circuits and Systems for Video Technology,10.1109/tcsvt.2025.3637537,excluded,image processing/security without a semantic-communication or visual-delivery system,
2026,,,,Control-Lit: Illumination Controllable Backlit Image Enhancement,Hongjun Wu; Yi Tang; Chong Li; Zhi Jin,IEEE Transactions on Circuits and Systems for Video Technology,10.1109/tcsvt.2026.3672593,excluded,image processing/security without a semantic-communication or visual-delivery system,
2026,36,3,3275-3289,"DC
                    <sup>2</sup>
                    MNet: Lightweight and Efficient Discrete Cosine Channel Modulation Network for Image Restoration",Guoqing Zhang; Wenxuan Fang; Yupeng Shang; Yuhui Zheng; Weisi Lin,IEEE Transactions on Circuits and Systems for Video Technology,10.1109/tcsvt.2025.3613731,excluded,image processing/security without a semantic-communication or visual-delivery system,
2026,,,,DDRW: Dynamic Degradation Representation for Adaptive Robust Blind Watermarking,Fangxu Hu; Ningzhong Liu; Han Sun; Yufei Wang,IEEE Transactions on Circuits and Systems for Video Technology,10.1109/tcsvt.2026.3666621,excluded,image processing/security without a semantic-communication or visual-delivery system,
2026,,,,DKGZSL: Leveraging Dynamic Visual-Semantic Knowledge for Generative Zero-Shot Learning,Jun Hu; Min Meng; Jigang Liu; Jun Yu; Jigang Wu,IEEE Transactions on Circuits and Systems for Video Technology,10.1109/tcsvt.2026.3669478,excluded,"computer-vision semantics, not communication/coding/transmission",
2026,,,,DRFC: An End-to-End Deep Dynamic RF Signal Compression Framework,Xihua Sheng; Peilin Chen; Shiqi Wang; Dapeng Wu,IEEE Transactions on Circuits and Systems for Video Technology,10.1109/tcsvt.2025.3596840,excluded,ordinary visual coding/streaming hit without sufficient semantic/task/channel relevance,
2026,,,,Da Yu: Toward ASV-Based Image Captioning for Waterway Surveillance and Scene Understanding,Runwei Guan; Ningwei Ouyang; T. T. Xu; Shaofeng Liang; Wei Dai; Yafeng Sun; S. S. Gao; Songning Lai; Shanliang Yao; Xinyue Hu; Ryan Wen Liu; Yutao Yue; Hui Hua Xiong,IEEE Transactions on Circuits and Systems for Video Technology,10.1109/tcsvt.2026.3651269,excluded,"computer-vision semantics, not communication/coding/transmission",
2026,,,,Deep Underwater Image Quality Assessment via Progressive Physics-Aware Multi-Prior Collaboration,Zihan Zhou; Jiaxue Lan; Yun Liang; Weiwei Cai; Jing Li; Yong Xu; Patrick Le Callet,IEEE Transactions on Circuits and Systems for Video Technology,10.1109/tcsvt.2025.3639385,excluded,ordinary visual coding/streaming hit without sufficient semantic/task/channel relevance,
2026,,,,DeepVault: An NTRU-Based Data Hiding Scheme for Securing Underwater Acoustic Sensor Networks,Ming Xu; Tongtong Guo; Ling Liu,IEEE Transactions on Circuits and Systems for Video Technology,10.1109/tcsvt.2026.3694164,excluded,ordinary visual coding/streaming hit without sufficient semantic/task/channel relevance,
2026,,,,DeskPred: Two-Stage Video Stream Bandwidth Prediction for Cold-Start and Training Forgetting in Cloud Desktops,Zuodong Jin; Dan Tao; Peng Qi; Jiayu Zhang; Gang Han; Ruipeng Gao,IEEE Transactions on Circuits and Systems for Video Technology,10.1109/tcsvt.2025.3632222,excluded,ordinary visual coding/streaming hit without sufficient semantic/task/channel relevance,
2026,,,,Diff-Restorer: Unleashing Visual Prompts for Diffusion-Based Universal Image Restoration,Yuhong Zhang; Hengsheng Zhang; Xinning Chai; Zhengxue Cheng; Rong Xie; Li Song; Wenjun Zhang,IEEE Transactions on Circuits and Systems for Video Technology,10.1109/tcsvt.2025.3629686,excluded,image processing/security without a semantic-communication or visual-delivery system,
2026,,,,DocPure: Prompt-Free Unified Document Restoration via Degradation-Aware Structure-Guided Wavelet Modulation,Lingming Sui; Wanglong Lu; Tao Wang; Kaihao Zhang; Nan Zhang; 安礼艳; Hanli Zhao,IEEE Transactions on Circuits and Systems for Video Technology,10.1109/tcsvt.2026.3720433,excluded,image processing/security without a semantic-communication or visual-delivery system,
2026,,,,Dynamic Weight-Enhanced Contrastive Learning for Partially View-Aligned Clustering,Qiuyu Chen; Xihong Yang; Zhibing Dong; Qian Qu; En Zhu; Xinwang Liu,IEEE Transactions on Circuits and Systems for Video Technology,10.1109/tcsvt.2026.3679096,excluded,ordinary visual coding/streaming hit without sufficient semantic/task/channel relevance,
2026,,,,E2SRLF: End-to-End Light Field Image Super-Resolution Depth Estimation,Jie Li; Chuanlun Zhang; Xiaoyan Wang; Xinjia Li; Lin Wang; Yuxin Zeng; Yiguang Liu,IEEE Transactions on Circuits and Systems for Video Technology,10.1109/tcsvt.2026.3651331,excluded,broad full-journal search hit outside the visual semantic-communication scope,
2026,,,,EPS: Efficient Patch Sampling for Video Overfitting in Deep Super-Resolution Model Training,Yiying Wei; Hadi Amirpour; Jong Hwan Ko; Christian Timmerer,IEEE Transactions on Circuits and Systems for Video Technology,10.1109/tcsvt.2026.3684857,excluded,broad full-journal search hit outside the visual semantic-communication scope,
2026,,,,EctFormer: High-Imperceptibility Deep Image Steganography Based on Empirical Mode Decomposition,Xintao Duan; Sen Li; Zhao Wang; Bingxin Wei; Haewoon Nam; Chuan Qin,IEEE Transactions on Circuits and Systems for Video Technology,10.1109/tcsvt.2025.3603961,excluded,image processing/security without a semantic-communication or visual-delivery system,
2026,,,1-1,FCPA-Net: Fourier Channel Prior Attention Network for Blind Light Field Image Quality Assessment,Jian Ma; Chengwei Wang; Ping An; Guoming Xu,IEEE Transactions on Circuits and Systems for Video Technology,10.1109/tcsvt.2026.3716418,excluded,broad full-journal search hit outside the visual semantic-communication scope,
2026,,,,FoV Prediction-Based Adaptive Bitrate Streaming With On-Demand Transcoding for 360° Videos,Guoxiao Yin; Haixia Zhang; Dongyang Li; Xiaotian Zhou,IEEE Transactions on Circuits and Systems for Video Technology,10.1109/tcsvt.2025.3639684,excluded,ordinary visual coding/streaming hit without sufficient semantic/task/channel relevance,
2026,,,,Fusing Quality-Aware Model and Large Language Model for Industrial Image Quality Assessment,Hongyan Liu; Shu Jin; Ke Gu; Xue Shen; Lai-Kuan Wong; Weisi Lin; Guangtao Zhai; Wei Zhang,IEEE Transactions on Circuits and Systems for Video Technology,10.1109/tcsvt.2026.3694600,excluded,broad full-journal search hit outside the visual semantic-communication scope,
2026,,,,Future Fixation Sequence Prediction for Audio-Visual 360° Videos,Yucheng Zhu; Guangtao Zhai; Xiongkuo Min; Yunhao Li; Long Teng; Huiyu Duan; Liang Yuan; Xiaokang Yang,IEEE Transactions on Circuits and Systems for Video Technology,10.1109/tcsvt.2025.3572380,excluded,ordinary visual coding/streaming hit without sufficient semantic/task/channel relevance,
2026,,,,GSCodec Studio: A Modular Framework for Gaussian Splat Compression,Sicheng Li; Chengzhen Wu; Hao Li; Xiang Gao; Yiyi Liao; Yu Ls,IEEE Transactions on Circuits and Systems for Video Technology,10.1109/tcsvt.2026.3654794,excluded,ordinary visual coding/streaming hit without sufficient semantic/task/channel relevance,
2026,,,,Glob-Diffusion: A Global Consistent Diffusion Model for Large-Scale Image Generation,Yu-Kyung Kang; Hengcan Shi; Hao Liu; Weiying Xie; Leyuan Fang; Lorenzo Bruzzone,IEEE Transactions on Circuits and Systems for Video Technology,10.1109/tcsvt.2025.3643743,excluded,broad full-journal search hit outside the visual semantic-communication scope,
2026,,,,Harmonizing Text-Guided Video Inpainting With Optical Flow Diffusion,Bohai Gu; Song Guo,IEEE Transactions on Circuits and Systems for Video Technology,10.1109/tcsvt.2026.3680155,excluded,image processing/security without a semantic-communication or visual-delivery system,
2026,,,,Harnessing Complex-Valued Chaos in Discrete-Time Hopfield Neural Network for Secure Image Encryption,Quanli Deng; Chunhua Wang; Yichuang Sun; Gang Yang,IEEE Transactions on Circuits and Systems for Video Technology,10.1109/tcsvt.2026.3675782,excluded,ordinary visual coding/streaming hit without sufficient semantic/task/channel relevance,
2026,,,,Illumination Refinement via Textual Cues: A Prompt-Driven Approach for Low-Light NeRF Enhancement,X. Ju; Yang Zou; Xingyuan Li; Zirui Wang; Jun Ma; Zhiying Jiang; Jinyuan Liu,IEEE Transactions on Circuits and Systems for Video Technology,10.1109/tcsvt.2025.3604241,excluded,image processing/security without a semantic-communication or visual-delivery system,
2026,,,,LayerDiffusion: High-Fidelity Layered Virtual Try-On via Semantic-Aware Diffusion,Fangjian Liao; Xingxing Zou; Waikeung Wong,IEEE Transactions on Circuits and Systems for Video Technology,10.1109/tcsvt.2026.3679372,excluded,broad full-journal search hit outside the visual semantic-communication scope,
2026,,,,Learned Point Cloud Attribute Compression With Cross-Scale Point Transformer and Geometry-Aware Context Prediction Entropy Model,Xiao Huo; Wei Zhang; Fuzheng Yang,IEEE Transactions on Circuits and Systems for Video Technology,10.1109/tcsvt.2025.3624688,excluded,ordinary visual coding/streaming hit without sufficient semantic/task/channel relevance,
2026,,,,Medical Data Security in Blockchain: A Telemedicine Data Sharing Scheme Based on Custom OPE and 4D-YG Hyperchaotic,Zhenlong Man; Chang Gao; Ze Yu; Xiangfu Meng,IEEE Transactions on Circuits and Systems for Video Technology,10.1109/tcsvt.2026.3657760,excluded,ordinary visual coding/streaming hit without sufficient semantic/task/channel relevance,
2026,,,,Memristive Neural Network With Controllable Extreme Multistability and Its Application in Multi-Type Medical Multimedia Data Encryption,Xiangxin Leng; Xiaoping Wang; Zheyi Zhang; Zhigang Zeng,IEEE Transactions on Circuits and Systems for Video Technology,10.1109/tcsvt.2026.3678993,excluded,ordinary visual coding/streaming hit without sufficient semantic/task/channel relevance,
2026,,,1-1,Multi-View Image Guided Spatio-Channel Mixed Entropy Model for Point Cloud Geometry Compression,Xueqiang Sun; Jin Wang; Yunhui Shi; Li Li; Nam Ling; Baocai Yin,IEEE Transactions on Circuits and Systems for Video Technology,10.1109/tcsvt.2026.3723159,excluded,ordinary visual coding/streaming hit without sufficient semantic/task/channel relevance,
2026,,,,No-Reference Quality Assessment of 3D Models Represented in Neural Radiance Fields and 3D Gaussian Splattings,Zhengyu Zhang; Yuhang Zhang; Tiantian Zeng; Shishun Tian; L Zhang,IEEE Transactions on Circuits and Systems for Video Technology,10.1109/tcsvt.2026.3685278,excluded,ordinary visual coding/streaming hit without sufficient semantic/task/channel relevance,
2026,36,1,219-232,Oriented Decoupling Target Detection Method for SAR Image Based on Multi-Channel Localization and Soft Thresholding,Gui Gao; Gang Yang; Yajun Wang; Libo Yao; Xi Zhang; Gaosheng Li,IEEE Transactions on Circuits and Systems for Video Technology,10.1109/tcsvt.2025.3597158,excluded,"computer-vision semantics, not communication/coding/transmission",
2026,,,,PVF-DectNet++: Adaptive Multi-Modal Fusion With Perspective Voxels for 3D Object Detection,Ke Wang; Weilin Gao; Kai Chen; Tianyi Shao; Liyang Li; Tianqiang Zhou; Jianbo Lǚ,IEEE Transactions on Circuits and Systems for Video Technology,10.1109/tcsvt.2025.3650671,excluded,broad full-journal search hit outside the visual semantic-communication scope,
2026,,,,Pixel-Level Just Noticeable Difference in Sonar Images: Modeling and Applications,Weiling Chen; Weiming Lin; Qianxue Feng; Rongxin Zhang; Tiesong Zhao,IEEE Transactions on Circuits and Systems for Video Technology,10.1109/tcsvt.2025.3596153,excluded,image processing/security without a semantic-communication or visual-delivery system,
2026,,,,Pixel-Level Tiling with End-to-End Neural Compression for Tile-Based Video Streaming,Yili Jin; Dayou Zhang; Hao Zhu; Fangxin Wang; Jiangchuan Liu; Xue Liu,IEEE Transactions on Circuits and Systems for Video Technology,10.1109/tcsvt.2026.3690578,excluded,ordinary visual coding/streaming hit without sufficient semantic/task/channel relevance,
2026,,,,Pre-Trained Prior-Assisted Dynamic Point Cloud Compression via Feature Prediction,Yichen Zhou; Xinfeng Zhang; Yingzhan Xu; Kai Zhang; Li Zhang,IEEE Transactions on Circuits and Systems for Video Technology,10.1109/tcsvt.2026.3686193,excluded,ordinary visual coding/streaming hit without sufficient semantic/task/channel relevance,
2026,,,,Pseudocylindrical Convolutions for Learned Omnidirectional Image Compression,Mu Li; Kede Ma; Jinxing Li; David Zhang,IEEE Transactions on Circuits and Systems for Video Technology,10.1109/tcsvt.2025.3638018,excluded,ordinary visual coding/streaming hit without sufficient semantic/task/channel relevance,
2026,,,,RSVDet: Remote Sensing Small Object Detection Model Inspired by Neuronal Mechanisms in Visual Pathways,Xiongzhen Wang; Chuan Lin; Yongcai Pan; Ruopu Wang,IEEE Transactions on Circuits and Systems for Video Technology,10.1109/tcsvt.2025.3628010,excluded,image processing/security without a semantic-communication or visual-delivery system,
2026,,,,RTGSR: Real-Time Game Content Super-Resolution via Compressed-Domain Coding Priors,Qizhe Wang; Jiaqi Zhang; Yanchen Zhao; Haoqing Yu; Feng Gao; Siwei Ma,IEEE Transactions on Circuits and Systems for Video Technology,10.1109/tcsvt.2026.3651760,excluded,ordinary visual coding/streaming hit without sufficient semantic/task/channel relevance,
2026,,,,ReFHD-Net: A Reversible Functionality Hiding Framework for Deep Neural Networks,Na Wang; Pengpeng Li; Lin Huang; Fang Cao; Xinyi Wang; Chuan Qin,IEEE Transactions on Circuits and Systems for Video Technology,10.1109/tcsvt.2025.3632812,excluded,image processing/security without a semantic-communication or visual-delivery system,
2026,,,,Robust Coverless Information Hiding with Object-Presence Hashing and Vision Transformer-U-Net based Reconstruction,Sangeeta Gautam; Manoj Kumar,IEEE Transactions on Circuits and Systems for Video Technology,10.1109/tcsvt.2026.3700219,excluded,"computer-vision semantics, not communication/coding/transmission",
2026,,,,Robust Secret Image Sharing Against Malicious Shadow Images by Reusing Polynomial Coefficients With Hash Function,Lizhi Xiong; Siqi Wang; Ching-Nung Yang; Zhangjie Fu; Chunqiang Yu,IEEE Transactions on Circuits and Systems for Video Technology,10.1109/tcsvt.2025.3639108,excluded,ordinary visual coding/streaming hit without sufficient semantic/task/channel relevance,
2026,,,,SEVMark: Spatio-Temporally Enhanced Video Watermarking via Invertible Neural Networks,Songhan He; Dawen Xu; Lin Yang; Haojun Dai; Jianbin Ji,IEEE Transactions on Circuits and Systems for Video Technology,10.1109/tcsvt.2026.3662438,excluded,image processing/security without a semantic-communication or visual-delivery system,
2026,,,,Shuffle Mamba: State Space Models With Random Shuffle for Multi-Modal Image Fusion,Ke Cao; Xuanhua He; Tao Hu; Chengjun Xie; Man Zhou; Jie Zhang,IEEE Transactions on Circuits and Systems for Video Technology,10.1109/tcsvt.2026.3668923,excluded,broad full-journal search hit outside the visual semantic-communication scope,
2026,,,,Sparse Hyperspectral Band Selection Based on Expectation Maximization,Likun Gao; Xinhui Xue; Haowen Zheng,IEEE Transactions on Circuits and Systems for Video Technology,10.1109/tcsvt.2025.3597604,excluded,ordinary visual coding/streaming hit without sufficient semantic/task/channel relevance,
2026,,,,Spectrum Aware Illumination Estimation Using Multispectral Image,Hyejin Oh; Woo-Shik Kim; Sangyoon Lee; YungKyung Park; Je‐Won Kang,IEEE Transactions on Circuits and Systems for Video Technology,10.1109/tcsvt.2026.3701975,excluded,broad full-journal search hit outside the visual semantic-communication scope,
2026,,,,Steganography via Neural Network Parameter Initialization With High Fidelity and Imperceptibility,Na Wang; Chenyi Xu; Fang Cao; Lin Huang; Wei Wang; Chuan Qin,IEEE Transactions on Circuits and Systems for Video Technology,10.1109/tcsvt.2025.3634666,excluded,image processing/security without a semantic-communication or visual-delivery system,
2026,,,,Subjective and Objective Quality-of-Experience Evaluation Study for Live Video Streaming,Zhiyu Zhu; Wei Sun; Jun Jia; Wu Wei; Sibin Deng; Kai Li; Xiongkuo Min; Jia Wang; Ying Chen; Guangtao Zhai,IEEE Transactions on Circuits and Systems for Video Technology,10.1109/tcsvt.2026.3689180,excluded,ordinary visual coding/streaming hit without sufficient semantic/task/channel relevance,
2026,,,,SyMFood: Synergistic Multi-Modal Prompting for Fine-Grained Zero-Shot Food Detection,Xinlong Wang; Weiqing Min; Shoulong Liu; Guorui Sheng; Shuqiang Jiang,IEEE Transactions on Circuits and Systems for Video Technology,10.1109/tcsvt.2026.3668226,excluded,"computer-vision semantics, not communication/coding/transmission",
2026,,,,TDHF: Task-Driven Hierarchical Image Fusion Under Low-Light Conditions,Daoheng Li; Mengkai Yan; Jun Li; Jian Yang; Jianjun Qian,IEEE Transactions on Circuits and Systems for Video Technology,10.1109/tcsvt.2025.3635231,excluded,image processing/security without a semantic-communication or visual-delivery system,
2026,,,1-1,TMamba: Global Channel-Location Token Interaction for Multi-Modality Image Fusion,Chenguang Zhu; Huafeng Chen; Guangqian Guo; Dongsheng Yang; Kai Zhang; Shan Gao,IEEE Transactions on Circuits and Systems for Video Technology,10.1109/tcsvt.2026.3691760,excluded,broad full-journal search hit outside the visual semantic-communication scope,
2026,,,1-1,TriMRG: Toward Hallucination-Resistant Medical Image Report Generation via Triple Graph Semantic Reasoning and Rethinking,Zehui Feng; Dian Zhu; Jianan Zhao; Peiquan Zhao; Jianing Ren; Ting Han,IEEE Transactions on Circuits and Systems for Video Technology,10.1109/tcsvt.2026.3712885,excluded,broad full-journal search hit outside the visual semantic-communication scope,
2026,,,,Underwater Image Enhancement via Advantage Feature Weighted Fusion,Weidong Zhang; Muzi Wang; Peixian Zhuang; Dahai Liu,IEEE Transactions on Circuits and Systems for Video Technology,10.1109/tcsvt.2025.3603059,excluded,image processing/security without a semantic-communication or visual-delivery system,
2026,,,,Underwater Scene Clarity Reconstruction via Multilayer Information Fusion and Self-Organized Stitching,Weibo Zhang; Hao Wang; Peng Ren; Weidong Zhang,IEEE Transactions on Circuits and Systems for Video Technology,10.1109/tcsvt.2025.3608828,excluded,image processing/security without a semantic-communication or visual-delivery system,
2026,,,,WmLSTM: A Plug-and-Play Window-Level mLSTM-Based Temporal Encoder for Robust Visual Tracking,Yao Chen; Guancheng Jia; Ding Ma; Yufei Zha; Peng Zhang,IEEE Transactions on Circuits and Systems for Video Technology,10.1109/tcsvt.2026.3662479,excluded,ordinary visual coding/streaming hit without sufficient semantic/task/channel relevance,
2026,,,,ZRID-Net: Zero-Reference Real-World Image Dehazing Framework via Deep Self-Decoupling and Reverse Knowledge Transfer,Shilong Wang; Wenqi Ren; Peng Gao; Jiguo Yu; Jianlei Liu,IEEE Transactions on Circuits and Systems for Video Technology,10.1109/tcsvt.2025.3609735,excluded,image processing/security without a semantic-communication or visual-delivery system,
