year,tier,title,doi,task_type,digitalization_class,channel_handling_class,strict_digital,datasets,baselines,metrics,snr_conditions,rate_conditions,discrete_error_judgment,limitations
2023,core,Deep Learning Enabled Semantic Communications With Speech Recognition and Synthesis,10.1109/twc.2023.3240969,语音/音频传输或识别,连续神经 JSCC latent / 实复信道符号,类别 3：连续语义变量直接经过有噪声信道并端到端恢复,否/不适用：主接口为连续 JSCC 或上层模型,,DeepSC；Polar；Transformer；QAM；DeepSC-S；DeepSC-ST；BERT,WER；CER；accuracy；latency,SNR=8 dB,,不适用 VQ index 跳变。论文处理的是连续噪声/衰落；这不能自动证明量化和调制后的数字链路鲁棒性。,主接口仍是连续神经符号；量化、有限星座、同步、信道估计和残余误码未形成完整数字实现。
2023,related,Edge Learning for Large-Scale Internet of Things With Task-Oriented Efficient Communication,10.1109/twc.2023.3271665,任务导向推理,语义 feature/latent；量化到 bitstream 的接口未完整报告,类别 0：信道作用点不足，或由外部传统链路抽象承担,否/不适用：主接口为连续 JSCC 或上层模型,MNIST；ModelNet40,ResNet；YOLO,accuracy；MSE；PER,,,未正面处理。系统模型不足以追踪残余 bit/index/packet error 到最终语义质量。,全文没有完整闭合语义表示到 bit/symbol/packet 的实现链；残余误码、控制开销和真实射频条件仍是外推风险。
2023,core,Excess Distortion Exponent Analysis for Semantic-Aware MIMO Communication Systems,10.1109/twc.2023.3238463,语义信息度量与理论,上层理论/资源变量；论文不单独定义可发送语义格式,类别 5：沿用底层链路或抽象速率—效用模型,否/不适用：主接口为连续 JSCC 或上层模型,,JSCC,,,,未正面处理。系统模型不足以追踪残余 bit/index/packet error 到最终语义质量。,结果依赖抽象效用曲线、仿真信道和理想状态信息；底层语义 codec、控制信令与有限时延开销常未共同计入。
2023,related,Integrated Sensing-Communication-Computation for Over-the-Air Edge AI Inference,10.1109/twc.2023.3306465,任务导向推理,语义 feature/latent；量化到 bitstream 的接口未完整报告,类别 0：信道作用点不足，或由外部传统链路抽象承担,否/不适用：主接口为连续 JSCC 或上层模型,,OFDM,accuracy；latency,,,未正面处理。系统模型不足以追踪残余 bit/index/packet error 到最终语义质量。,全文没有完整闭合语义表示到 bit/symbol/packet 的实现链；残余误码、控制开销和真实射频条件仍是外推风险。
2023,related,Over-the-Air Multi-View Pooling for Distributed Sensing,10.1109/twc.2023.3343086,边缘学习与任务通信,语义 feature/latent；量化到 bitstream 的接口未完整报告,类别 0：信道作用点不足，或由外部传统链路抽象承担,否/不适用：主接口为连续 JSCC 或上层模型,ModelNet40；ShapeNet,OFDM；BERT,mAP；accuracy；classification accuracy；latency；MSE；throughput；PER,SNR 6 dB；SNR of 6 dB,,未正面处理。系统模型不足以追踪残余 bit/index/packet error 到最终语义质量。,全文没有完整闭合语义表示到 bit/symbol/packet 的实现链；残余误码、控制开销和真实射频条件仍是外推风险。
2023,core,Predictive and Adaptive Deep Coding for Wireless Image Transmission in Semantic Communication,10.1109/twc.2023.3234408,图像传输、压缩或生成,连续神经 JSCC latent / 实复信道符号,类别 3：连续语义变量直接经过有噪声信道并端到端恢复,否/不适用：主接口为连续 JSCC 或上层模型,Kodak,DeepJSCC；JPEG2000；JPEG；BPG；LDPC；ADJSCC；JSCC,PSNR；MSE,,,不适用 VQ index 跳变。论文处理的是连续噪声/衰落；这不能自动证明量化和调制后的数字链路鲁棒性。,主接口仍是连续神经符号；量化、有限星座、同步、信道估计和残余误码未形成完整数字实现。
2023,related,Progressive Feature Transmission for Split Classification at the Wireless Edge,10.1109/twc.2022.3221778,任务导向推理,语义 feature/latent；量化到 bitstream 的接口未完整报告,类别 0：信道作用点不足，或由外部传统链路抽象承担,否/不适用：主接口为连续 JSCC 或上层模型,MNIST,,mAP；accuracy；classification accuracy；latency；throughput；PER,SNR =4 dB,,未正面处理。系统模型不足以追踪残余 bit/index/packet error 到最终语义质量。,全文没有完整闭合语义表示到 bit/symbol/packet 的实现链；残余误码、控制开销和真实射频条件仍是外推风险。
2023,core,Robust Semantic Communications With Masked VQ-VAE Enabled Codebook,10.1109/twc.2023.3265201,图像传输、压缩或生成,显式数字语义表示：bit、离散 token 或码本 index,类别 1：形成数字表示，但物理链路按可靠 bitstream 抽象,是：存在明确的离散/有限数字接口,CIFAR-10；ImageNet,JPEG；LDPC；VQ-VAE；VAE；ViT；Transformer；QAM；JSCC；ResNet,mAP；accuracy；classification accuracy；semantic similarity；BER,,,否。论文默认数字码流可靠到达，未评估 bit flip、熵码失同步或 packet loss 对语义变量的影响。,全文没有完整闭合语义表示到 bit/symbol/packet 的实现链；残余误码、控制开销和真实射频条件仍是外推风险。
2023,core,Semantic-Aware Sensing Information Transmission for Metaverse: A Contest Theoretic Approach,10.1109/twc.2022.3232565,点云/三维场景传输,上层理论/资源变量；论文不单独定义可发送语义格式,类别 5：沿用底层链路或抽象速率—效用模型,否/不适用：主接口为连续 JSCC 或上层模型,,,accuracy；utility；BER；PER,,,未正面处理。系统模型不足以追踪残余 bit/index/packet error 到最终语义质量。,结果依赖抽象效用曲线、仿真信道和理想状态信息；底层语义 codec、控制信令与有限时延开销常未共同计入。
2023,related,Task-Oriented Communication for Multidevice Cooperative Edge Inference,10.1109/twc.2022.3191118,任务导向推理,语义 feature/latent；量化到 bitstream 的接口未完整报告,类别 0：信道作用点不足，或由外部传统链路抽象承担,否/不适用：主接口为连续 JSCC 或上层模型,CIFAR-10；ImageNet；MNIST；ModelNet40；Tiny ImageNet,ETC,accuracy；classification accuracy；latency；PER；Rsum,,,未正面处理。系统模型不足以追踪残余 bit/index/packet error 到最终语义质量。,全文没有完整闭合语义表示到 bit/symbol/packet 的实现链；残余误码、控制开销和真实射频条件仍是外推风险。
2023,core,Task-Oriented Explainable Semantic Communications,10.1109/twc.2023.3269444,任务导向推理,显式数字语义表示：bit、离散 token 或码本 index,类别 1：形成数字表示，但物理链路按可靠 bitstream 抽象,是：存在明确的离散/有限数字接口,MNIST；CelebA,DeepJSCC；JPEG；VAE；JSCC,PSNR；accuracy,,,否。论文默认数字码流可靠到达，未评估 bit flip、熵码失同步或 packet loss 对语义变量的影响。,全文没有完整闭合语义表示到 bit/symbol/packet 的实现链；残余误码、控制开销和真实射频条件仍是外推风险。
2023,core,The Age of Incorrect Information: An Enabler of Semantics-Empowered Communication,10.1109/twc.2022.3213227,通用语义通信系统,上层理论/资源变量；论文不单独定义可发送语义格式,类别 5：沿用底层链路或抽象速率—效用模型,否/不适用：主接口为连续 JSCC 或上层模型,,,AoI；utility,,,未正面处理。系统模型不足以追踪残余 bit/index/packet error 到最终语义质量。,结果依赖抽象效用曲线、仿真信道和理想状态信息；底层语义 codec、控制信令与有限时延开销常未共同计入。
2024,core,A GAN-Based Semantic Communication for Text Without CSI,10.1109/twc.2024.3415363,文本传输或语言任务,语义 feature/latent；量化到 bitstream 的接口未完整报告,类别 0：信道作用点不足，或由外部传统链路抽象承担,否/不适用：主接口为连续 JSCC 或上层模型,Europarl,GAN；Transformer；RSMA；PPO；DQN；OFDM；BERT；CLIP,BLEU；energy efficiency；semantic similarity；utility；NMSE；PER,SNR = 9 dB；SNR = 15 dB；SNR = 24 dB,,未正面处理。系统模型不足以追踪残余 bit/index/packet error 到最终语义质量。,全文没有完整闭合语义表示到 bit/symbol/packet 的实现链；残余误码、控制开销和真实射频条件仍是外推风险。
2024,core,A Robust Semantic Text Communication System,10.1109/twc.2024.3381950,文本传输或语言任务,语义 feature/latent；量化到 bitstream 的接口未完整报告,类别 0：信道作用点不足，或由外部传统链路抽象承担,否/不适用：主接口为连续 JSCC 或上层模型,Europarl；LibriSpeech,DeepSC；LDPC；VQ-VAE；VAE；Transformer；QAM；OFDM；BERT,BLEU；BERTScore；semantic similarity,,,未正面处理。系统模型不足以追踪残余 bit/index/packet error 到最终语义质量。,全文没有完整闭合语义表示到 bit/symbol/packet 的实现链；残余误码、控制开销和真实射频条件仍是外推风险。
2024,core,Age of Incorrect Information Minimization for Semantic-Empowered NOMA System in S-IoT,10.1109/twc.2023.3334761,语义感知资源分配与网络优化,语义 feature/latent；量化到 bitstream 的接口未完整报告,类别 0：信道作用点不足，或由外部传统链路抽象承担,否/不适用：主接口为连续 JSCC 或上层模型,,NOMA；PPO；DDPG；SAC；CLIP,AoI；utility,SNR = 15 dB；SNR = 20 dB,,未正面处理。系统模型不足以追踪残余 bit/index/packet error 到最终语义质量。,全文没有完整闭合语义表示到 bit/symbol/packet 的实现链；残余误码、控制开销和真实射频条件仍是外推风险。
2024,related,AirNet: Neural Network Transmission Over the Air,10.1109/twc.2024.3388329,图像传输、压缩或生成,连续神经 JSCC latent / 实复信道符号,类别 3：连续语义变量直接经过有噪声信道并端到端恢复,否/不适用：主接口为连续 JSCC 或上层模型,ImageNet；Tiny ImageNet,ResNet,accuracy；PER,SNR of 20dB；SNR of 5dB；SNR of 30dB,,不适用 VQ index 跳变。论文处理的是连续噪声/衰落；这不能自动证明量化和调制后的数字链路鲁棒性。,主接口仍是连续神经符号；量化、有限星座、同步、信道估计和残余误码未形成完整数字实现。
2024,related,Analysis on Peak Age of Status Updates in Task-Oriented Machine- Type Communications,10.1109/twc.2024.3430903,任务导向推理,语义 feature/latent；量化到 bitstream 的接口未完整报告,类别 0：信道作用点不足，或由外部传统链路抽象承担,否/不适用：主接口为连续 JSCC 或上层模型,,,accuracy；energy efficiency,,,未正面处理。系统模型不足以追踪残余 bit/index/packet error 到最终语义质量。,全文没有完整闭合语义表示到 bit/symbol/packet 的实现链；残余误码、控制开销和真实射频条件仍是外推风险。
2024,related,AoI-Aware Interference Mitigation for Task-Oriented Multicasting in Multi-Cell NOMA Networks,10.1109/twc.2024.3381480,任务导向推理,语义 feature/latent；量化到 bitstream 的接口未完整报告,类别 0：信道作用点不足，或由外部传统链路抽象承担,否/不适用：主接口为连续 JSCC 或上层模型,,NOMA,AoI；PER,,,未正面处理。系统模型不足以追踪残余 bit/index/packet error 到最终语义质量。,全文没有完整闭合语义表示到 bit/symbol/packet 的实现链；残余误码、控制开销和真实射频条件仍是外推风险。
2024,core,CDDM: Channel Denoising Diffusion Models for Wireless Semantic Communications,10.1109/twc.2024.3379244,图像传输、压缩或生成,有限星座/标准数字波形接口,类别 2：语义特征映射为调制符号或编码包,是：存在明确的离散/有限数字接口,DIV2K,JPEG2000；LDPC；GAN；Transformer；QAM；JPEG；JSCC,PSNR；accuracy；SSIM；MSE,SNR= 5 dB；SNR= 15 dB；SNR= 20 dB；SNR= 10 dB；SNR of 10 dB；SNR of 20 dB,,部分。论文有真实数字物理层接口，但若语义 decoder 只看到信道译码后的结果，残余 bit/index 跳变仍未必被端到端处理。,全文没有完整闭合语义表示到 bit/symbol/packet 的实现链；残余误码、控制开销和真实射频条件仍是外推风险。
2024,core,Compression Before Fusion: Broadcast Semantic Communication System for Heterogeneous Tasks,10.1109/twc.2024.3483314,任务导向推理,语义 feature/latent；量化到 bitstream 的接口未完整报告,类别 0：信道作用点不足，或由外部传统链路抽象承担,否/不适用：主接口为连续 JSCC 或上层模型,,BPG；JSCC；SSCC；ETC,PSNR；accuracy；classification accuracy；mIoU；SER,SNR = 7dB；SNR from -5dB；SNR from -10dB,,未正面处理。系统模型不足以追踪残余 bit/index/packet error 到最终语义质量。,全文没有完整闭合语义表示到 bit/symbol/packet 的实现链；残余误码、控制开销和真实射频条件仍是外推风险。
2024,core,Deep Joint Source-Channel Coding for Adaptive Image Transmission Over MIMO Channels,10.1109/twc.2024.3422794,图像传输、压缩或生成,连续神经 JSCC latent / 实复信道符号,类别 3：连续语义变量直接经过有噪声信道并端到端恢复,否/不适用：主接口为连续 JSCC 或上层模型,ImageNet；CelebA；Kodak,DeepJSCC；JPEG2000；BPG；LDPC；Turbo；ViT；Transformer；JPEG；JSCC；OFDM；VTM,PSNR；LPIPS；mAP,SNR 1dB；SNR=5 dB；SNR 5 dB；SNR=12 dB；SNR of 1.07 dB,,不适用 VQ index 跳变。论文处理的是连续噪声/衰落；这不能自动证明量化和调制后的数字链路鲁棒性。,主接口仍是连续神经符号；量化、有限星座、同步、信道估计和残余误码未形成完整数字实现。
2024,core,Deep Learning-Empowered Semantic Communication Systems With a Shared Knowledge Base,10.1109/twc.2023.3330744,文本传输或语言任务,语义 feature/latent；量化到 bitstream 的接口未完整报告,类别 0：信道作用点不足，或由外部传统链路抽象承担,否/不适用：主接口为连续 JSCC 或上层模型,,DeepSC；LDPC；Polar；Transformer；QAM；Reed-Solomon,BLEU；semantic similarity；BER；SER；PER,SNR = 3 dB,,未正面处理。系统模型不足以追踪残余 bit/index/packet error 到最终语义质量。,全文没有完整闭合语义表示到 bit/symbol/packet 的实现链；残余误码、控制开销和真实射频条件仍是外推风险。
2024,core,Features Disentangled Semantic Broadcast Communication Networks,10.1109/twc.2023.3334225,图像传输、压缩或生成,数字压缩 bitstream 或量化 feature；无线接口未纳入研究,类别 1：数字压缩后默认可靠传输/存储,是：存在明确的离散/有限数字接口,,DeepJSCC；BPG；JSCC；OFDM,PSNR；accuracy；semantic similarity,,,否。论文默认数字码流可靠到达，未评估 bit flip、熵码失同步或 packet loss 对语义变量的影响。,全文没有完整闭合语义表示到 bit/symbol/packet 的实现链；残余误码、控制开销和真实射频条件仍是外推风险。
2024,core,Goal-Oriented Semantic Communications for Robotic Waypoint Transmission: The Value and Age of Information Approach,10.1109/twc.2024.3424493,任务导向推理,语义 feature/latent；量化到 bitstream 的接口未完整报告,类别 0：信道作用点不足，或由外部传统链路抽象承担,否/不适用：主接口为连续 JSCC 或上层模型,,DQN；ETC,AoI；latency；MSE；PER,,,未正面处理。系统模型不足以追踪残余 bit/index/packet error 到最终语义质量。,全文没有完整闭合语义表示到 bit/symbol/packet 的实现链；残余误码、控制开销和真实射频条件仍是外推风险。
2024,related,Goal-Oriented Wireless Communication Resource Allocation for Cyber-Physical Systems,10.1109/twc.2024.3432918,任务导向推理,上层理论/资源变量；论文不单独定义可发送语义格式,类别 5：沿用底层链路或抽象速率—效用模型,否/不适用：主接口为连续 JSCC 或上层模型,MNIST,,accuracy；latency；utility；throughput；PER,,,未正面处理。系统模型不足以追踪残余 bit/index/packet error 到最终语义质量。,结果依赖抽象效用曲线、仿真信道和理想状态信息；底层语义 codec、控制信令与有限时延开销常未共同计入。
2024,core,Hybrid Semantic-Shannon Communications,10.1109/twc.2024.3376998,文本传输或语言任务,上层理论/资源变量；论文不单独定义可发送语义格式,类别 5：沿用底层链路或抽象速率—效用模型,否/不适用：主接口为连续 JSCC 或上层模型,,DeepSC；DeepJSCC；QAM；NOMA；JSCC；OFDM；HM,latency；BER；PER,,,未正面处理。系统模型不足以追踪残余 bit/index/packet error 到最终语义质量。,结果依赖抽象效用曲线、仿真信道和理想状态信息；底层语义 codec、控制信令与有限时延开销常未共同计入。
2024,core,Interference Suppressed NOMA for Semantic-Aware Communication Networks,10.1109/twc.2024.3371775,图像传输、压缩或生成,语义 feature/latent；量化到 bitstream 的接口未完整报告,类别 0：信道作用点不足，或由外部传统链路抽象承担,否/不适用：主接口为连续 JSCC 或上层模型,Cityscapes,DeepJSCC；NOMA；JSCC,PSNR；SSIM；MS-SSIM；mAP；accuracy；spectral efficiency；BER；PER,,,未正面处理。系统模型不足以追踪残余 bit/index/packet error 到最终语义质量。,全文没有完整闭合语义表示到 bit/symbol/packet 的实现链；残余误码、控制开销和真实射频条件仍是外推风险。
2024,core,Joint URLLC Traffic Scheduling and Resource Allocation for Semantic Communication Systems,10.1109/twc.2023.3339239,语义感知资源分配与网络优化,上层理论/资源变量；论文不单独定义可发送语义格式,类别 5：沿用底层链路或抽象速率—效用模型,否/不适用：主接口为连续 JSCC 或上层模型,CIFAR-10,Transformer,PSNR；accuracy；MSE,,,未正面处理。系统模型不足以追踪残余 bit/index/packet error 到最终语义质量。,结果依赖抽象效用曲线、仿真信道和理想状态信息；底层语义 codec、控制信令与有限时延开销常未共同计入。
2024,core,Knowledge Distillation-Based Semantic Communications for Multiple Users,10.1109/twc.2023.3336941,通用语义通信系统,语义 feature/latent；量化到 bitstream 的接口未完整报告,类别 0：信道作用点不足，或由外部传统链路抽象承担,否/不适用：主接口为连续 JSCC 或上层模型,Europarl,DeepSC；LDPC；Transformer；QAM；BERT,BLEU；mAP；accuracy；BER,,,未正面处理。系统模型不足以追踪残余 bit/index/packet error 到最终语义质量。,全文没有完整闭合语义表示到 bit/symbol/packet 的实现链；残余误码、控制开销和真实射频条件仍是外推风险。
2024,core,Machine Learning Enabled Heterogeneous Semantic and Bit Communication,10.1109/twc.2024.3397635,语义感知资源分配与网络优化,语义 feature/latent；量化到 bitstream 的接口未完整报告,类别 0：信道作用点不足，或由外部传统链路抽象承担,否/不适用：主接口为连续 JSCC 或上层模型,,NOMA；TD3；HM,spectral efficiency；semantic similarity；throughput；SER,,,未正面处理。系统模型不足以追踪残余 bit/index/packet error 到最终语义质量。,全文没有完整闭合语义表示到 bit/symbol/packet 的实现链；残余误码、控制开销和真实射频条件仍是外推风险。
2024,related,Multi-Device Task-Oriented Communication via Maximal Coding Rate Reduction,10.1109/twc.2024.3461336,任务导向推理,语义 feature/latent；量化到 bitstream 的接口未完整报告,类别 0：信道作用点不足，或由外部传统链路抽象承担,否/不适用：主接口为连续 JSCC 或上层模型,CIFAR-10,ResNet,mAP；accuracy；classification accuracy；latency；MSE；NMSE；PER,,,未正面处理。系统模型不足以追踪残余 bit/index/packet error 到最终语义质量。,全文没有完整闭合语义表示到 bit/symbol/packet 的实现链；残余误码、控制开销和真实射频条件仍是外推风险。
2024,core,Neuro-Symbolic Causal Reasoning Meets Signaling Game for Emergent Semantic Communications,10.1109/twc.2023.3319981,文本传输或语言任务,语义 feature/latent；量化到 bitstream 的接口未完整报告,类别 0：信道作用点不足，或由外部传统链路抽象承担,否/不适用：主接口为连续 JSCC 或上层模型,,Transformer；QAM,mAP；latency；semantic similarity；utility；NMSE；BER；PER,SNR of 20 dB,,未正面处理。系统模型不足以追踪残余 bit/index/packet error 到最终语义质量。,全文没有完整闭合语义表示到 bit/symbol/packet 的实现链；残余误码、控制开销和真实射频条件仍是外推风险。
2024,core,Optimization of Image Transmission in Cooperative Semantic Communication Networks,10.1109/twc.2023.3282906,图像传输、压缩或生成,上层理论/资源变量；论文不单独定义可发送语义格式,类别 5：沿用底层链路或抽象速率—效用模型,否/不适用：主接口为连续 JSCC 或上层模型,,DQN,latency；semantic similarity,,,未正面处理。系统模型不足以追踪残余 bit/index/packet error 到最终语义质量。,结果依赖抽象效用曲线、仿真信道和理想状态信息；底层语义 codec、控制信令与有限时延开销常未共同计入。
2024,core,Orthogonal Model Division Multiple Access,10.1109/twc.2024.3384421,图像传输、压缩或生成,连续神经 JSCC latent / 实复信道符号,类别 3：连续语义变量直接经过有噪声信道并端到端恢复,否/不适用：主接口为连续 JSCC 或上层模型,,DeepSC；DeepJSCC；NOMA；DeepSC-S；JSCC,SSIM；MS-SSIM；BLEU,,CBR = 0.166；CBR = 0.041,不适用 VQ index 跳变。论文处理的是连续噪声/衰落；这不能自动证明量化和调制后的数字链路鲁棒性。,主接口仍是连续神经符号；量化、有限星座、同步、信道估计和残余误码未形成完整数字实现。
2024,core,Performance Limits of a Deep Learning-Enabled Text Semantic Communication Under Interference,10.1109/twc.2024.3370497,文本传输或语言任务,语义 feature/latent；量化到 bitstream 的接口未完整报告,类别 0：信道作用点不足，或由外部传统链路抽象承担,否/不适用：主接口为连续 JSCC 或上层模型,,DeepSC,PER,,,未正面处理。系统模型不足以追踪残余 bit/index/packet error 到最终语义质量。,全文没有完整闭合语义表示到 bit/symbol/packet 的实现链；残余误码、控制开销和真实射频条件仍是外推风险。
2024,core,Privacy-Preserving Task-Oriented Semantic Communications Against Model Inversion Attacks,10.1109/twc.2024.3369170,任务导向推理,语义 feature/latent；量化到 bitstream 的接口未完整报告,类别 0：信道作用点不足，或由外部传统链路抽象承担,否/不适用：主接口为连续 JSCC 或上层模型,CIFAR-10；MNIST；ImageNet,DeepJSCC；JSCC,PSNR；SSIM；accuracy；classification accuracy；latency；utility；PER,SNR=15dB；SNR = 15dB,,未正面处理。系统模型不足以追踪残余 bit/index/packet error 到最终语义质量。,全文没有完整闭合语义表示到 bit/symbol/packet 的实现链；残余误码、控制开销和真实射频条件仍是外推风险。
2024,core,QoE-Based Semantic-Aware Resource Allocation for Multi-Task Networks,10.1109/twc.2024.3386807,语义感知资源分配与网络优化,上层理论/资源变量；论文不单独定义可发送语义格式,类别 5：沿用底层链路或抽象速率—效用模型,否/不适用：主接口为连续 JSCC 或上层模型,,DeepSC,utility；PER,,,未正面处理。系统模型不足以追踪残余 bit/index/packet error 到最终语义质量。,结果依赖抽象效用曲线、仿真信道和理想状态信息；底层语义 codec、控制信令与有限时延开销常未共同计入。
2024,core,Reasoning Over the Air: A Reasoning- Based Implicit Semantic-Aware Communication Framework,10.1109/twc.2023.3312115,通用语义通信系统,显式数字语义表示：bit、离散 token 或码本 index,类别 2：数字语义变量接入调制、信道编码或 OFDM 链路,是：存在明确的离散/有限数字接口,,DeepSC；Transformer；JSCC；ETC,mAP；accuracy,SNR=4 dB；SNR=7dB；SNR=0 dB,,部分。论文有真实数字物理层接口，但若语义 decoder 只看到信道译码后的结果，残余 bit/index 跳变仍未必被端到端处理。,全文没有完整闭合语义表示到 bit/symbol/packet 的实现链；残余误码、控制开销和真实射频条件仍是外推风险。
2024,core,Resource Allocation and Common Message Selection for Task-Oriented Semantic Information Transmission With RSMA,10.1109/twc.2023.3327127,任务导向推理,上层理论/资源变量；论文不单独定义可发送语义格式,类别 5：沿用底层链路或抽象速率—效用模型,否/不适用：主接口为连续 JSCC 或上层模型,,Transformer；NOMA；RSMA；PPO；OFDM；YOLO,energy efficiency；BER,,,未正面处理。系统模型不足以追踪残余 bit/index/packet error 到最终语义质量。,结果依赖抽象效用曲线、仿真信道和理想状态信息；底层语义 codec、控制信令与有限时延开销常未共同计入。
2024,core,Resource Optimization for Semantic-Aware Networks With Task Offloading,10.1109/twc.2024.3390407,语义感知资源分配与网络优化,上层理论/资源变量；论文不单独定义可发送语义格式,类别 5：沿用底层链路或抽象速率—效用模型,否/不适用：主接口为连续 JSCC 或上层模型,,DeepSC；Transformer；DQN；CLIP,accuracy；latency；PER,,,未正面处理。系统模型不足以追踪残余 bit/index/packet error 到最终语义质量。,结果依赖抽象效用曲线、仿真信道和理想状态信息；底层语义 codec、控制信令与有限时延开销常未共同计入。
2024,core,Robust Image Semantic Coding With Learnable CSI Fusion Masking Over MIMO Fading Channels,10.1109/twc.2024.3409735,图像传输、压缩或生成,语义 feature/latent；量化到 bitstream 的接口未完整报告,类别 0：信道作用点不足，或由外部传统链路抽象承担,否/不适用：主接口为连续 JSCC 或上层模型,,NTSCC；WITT；JPEG；BPG；LDPC；Transformer；QAM；ADJSCC；JSCC；SSCC,PSNR；SSIM；MS-SSIM；mAP；accuracy；MSE；throughput；PER,SNR = 8 dB,,未正面处理。系统模型不足以追踪残余 bit/index/packet error 到最终语义质量。,全文没有完整闭合语义表示到 bit/symbol/packet 的实现链；残余误码、控制开销和真实射频条件仍是外推风险。
2024,core,Semantic Communications for Image Recovery and Classification via Deep Joint Source and Channel Coding,10.1109/twc.2023.3349330,图像传输、压缩或生成,语义 feature/latent；量化到 bitstream 的接口未完整报告,类别 0：信道作用点不足，或由外部传统链路抽象承担,否/不适用：主接口为连续 JSCC 或上层模型,CIFAR-10；ImageNet；MNIST,BPG；Transformer；JSCC；SSCC；ResNet,PSNR；SSIM；accuracy；classification accuracy；MSE；PER,SNR of 21 dB；SNR of -3 dB,,未正面处理。系统模型不足以追踪残余 bit/index/packet error 到最终语义质量。,全文没有完整闭合语义表示到 bit/symbol/packet 的实现链；残余误码、控制开销和真实射频条件仍是外推风险。
2024,core,Semantic Feature Division Multiple Access for Multi-User Digital Interference Networks,10.1109/twc.2024.3427675,图像传输、压缩或生成,显式数字语义表示：bit、离散 token 或码本 index,类别 1：形成数字表示，但物理链路按可靠 bitstream 抽象,是：存在明确的离散/有限数字接口,MNIST；CelebA,WITT；VQ-VAE；VAE；Transformer；NOMA；JSCC；BERT,PSNR；SSIM；MS-SSIM；accuracy；classification accuracy；MSE,SNR = 5dB；SNR=5dB,,否。论文默认数字码流可靠到达，未评估 bit flip、熵码失同步或 packet loss 对语义变量的影响。,全文没有完整闭合语义表示到 bit/symbol/packet 的实现链；残余误码、控制开销和真实射频条件仍是外推风险。
2024,core,Semantic Feature Scheduling and Rate Control in Multi-Modal Distributed Network,10.1109/twc.2024.3480352,多模态检索与任务通信,上层理论/资源变量；论文不单独定义可发送语义格式,类别 5：沿用底层链路或抽象速率—效用模型,否/不适用：主接口为连续 JSCC 或上层模型,,DeepJSCC；LDPC；VQ-VAE；VAE；Transformer；NOMA；JSCC；OFDM；BERT；ETC,accuracy；latency；spectral efficiency；BER,,,未正面处理。系统模型不足以追踪残余 bit/index/packet error 到最终语义质量。,结果依赖抽象效用曲线、仿真信道和理想状态信息；底层语义 codec、控制信令与有限时延开销常未共同计入。
2024,core,Semantic Knowledge Base-Enabled Zero-Shot Multi-Level Feature Transmission Optimization,10.1109/twc.2023.3323380,图像传输、压缩或生成,上层理论/资源变量；论文不单独定义可发送语义格式,类别 5：沿用底层链路或抽象速率—效用模型,否/不适用：主接口为连续 JSCC 或上层模型,,ETC,accuracy；classification accuracy；latency,,,未正面处理。系统模型不足以追踪残余 bit/index/packet error 到最终语义质量。,结果依赖抽象效用曲线、仿真信道和理想状态信息；底层语义 codec、控制信令与有限时延开销常未共同计入。
2024,core,Semantic MIMO Systems for Speech-to-Text Transmission,10.1109/twc.2024.3472612,语音/音频传输或识别,语义 feature/latent；量化到 bitstream 的接口未完整报告,类别 0：信道作用点不足，或由外部传统链路抽象承担,否/不适用：主接口为连续 JSCC 或上层模型,LibriSpeech,DeepSC；VQ-VAE；VAE；Transformer；SAC；DeepSC-S；DeepSC-ST；OFDM,WER；accuracy；latency；MSE,SNR = -8 dB,,未正面处理。系统模型不足以追踪残余 bit/index/packet error 到最终语义质量。,全文没有完整闭合语义表示到 bit/symbol/packet 的实现链；残余误码、控制开销和真实射频条件仍是外推风险。
2024,core,STAR-RIS Assisted Information Transmission Based on Fairness in Semantic Communication Systems,10.1109/twc.2024.3449414,通用语义通信系统,语义 feature/latent；量化到 bitstream 的接口未完整报告,类别 0：信道作用点不足，或由外部传统链路抽象承担,否/不适用：主接口为连续 JSCC 或上层模型,,DeepSC；NOMA；RSMA；BERT；ETC,accuracy；semantic similarity；utility；PER,,,未正面处理。系统模型不足以追踪残余 bit/index/packet error 到最终语义质量。,全文没有完整闭合语义表示到 bit/symbol/packet 的实现链；残余误码、控制开销和真实射频条件仍是外推风险。
2024,related,Task-Oriented Communication for Edge Video Analytics,10.1109/twc.2023.3314888,视频传输、生成或控制,语义 feature/latent；量化到 bitstream 的接口未完整报告,类别 0：信道作用点不足，或由外部传统链路抽象承担,否/不适用：主接口为连续 JSCC 或上层模型,COCO；HEVC,JPEG；WebP；HEVC；ResNet,mAP；accuracy；latency；IoU；PER,,,未正面处理。系统模型不足以追踪残余 bit/index/packet error 到最终语义质量。,全文没有完整闭合语义表示到 bit/symbol/packet 的实现链；残余误码、控制开销和真实射频条件仍是外推风险。
2024,related,Task-Oriented Over-the-Air Computation for Multi-Device Edge AI,10.1109/twc.2023.3294703,任务导向推理,语义 feature/latent；量化到 bitstream 的接口未完整报告,类别 0：信道作用点不足，或由外部传统链路抽象承担,否/不适用：主接口为连续 JSCC 或上层模型,,,accuracy,,,未正面处理。系统模型不足以追踪残余 bit/index/packet error 到最终语义质量。,全文没有完整闭合语义表示到 bit/symbol/packet 的实现链；残余误码、控制开销和真实射频条件仍是外推风险。
2024,core,Task-Oriented Scene Graph-Based Semantic Communications With Adaptive Channel Coding,10.1109/twc.2024.3450697,任务导向推理,语义 feature/latent；量化到 bitstream 的接口未完整报告,类别 0：信道作用点不足，或由外部传统链路抽象承担,否/不适用：主接口为连续 JSCC 或上层模型,ImageNet,BPG；LDPC；ViT；Transformer；QAM；SAC；BERT,latency；SSIM,,,未正面处理。系统模型不足以追踪残余 bit/index/packet error 到最终语义质量。,全文没有完整闭合语义表示到 bit/symbol/packet 的实现链；残余误码、控制开销和真实射频条件仍是外推风险。
2024,related,"Task-Oriented Sensing, Computation, and Communication Integration for Multi-Device Edge AI",10.1109/twc.2023.3303232,任务导向推理,语义 feature/latent；量化到 bitstream 的接口未完整报告,类别 0：信道作用点不足，或由外部传统链路抽象承担,否/不适用：主接口为连续 JSCC 或上层模型,,,accuracy；latency；throughput,,,未正面处理。系统模型不足以追踪残余 bit/index/packet error 到最终语义质量。,全文没有完整闭合语义表示到 bit/symbol/packet 的实现链；残余误码、控制开销和真实射频条件仍是外推风险。
2024,related,Transformer-Aided Wireless Image Transmission With Channel Feedback,10.1109/twc.2024.3386052,图像传输、压缩或生成,语义 feature/latent；量化到 bitstream 的接口未完整报告,类别 0：信道作用点不足，或由外部传统链路抽象承担,否/不适用：主接口为连续 JSCC 或上层模型,ImageNet；CelebA；Kodak,DeepJSCC；BPG；ViT；Transformer；JSCC,PSNR；LPIPS；mAP；latency；MSE；PER,SNR -2dB,,未正面处理。系统模型不足以追踪残余 bit/index/packet error 到最终语义质量。,全文没有完整闭合语义表示到 bit/symbol/packet 的实现链；残余误码、控制开销和真实射频条件仍是外推风险。
2024,core,UAV-Enabled Semantic Communication in Mobile Edge Computing Under Jamming Attacks: An Intelligent Resource Management Approach,10.1109/twc.2024.3454073,语义感知资源分配与网络优化,语义 feature/latent；量化到 bitstream 的接口未完整报告,类别 0：信道作用点不足，或由外部传统链路抽象承担,否/不适用：主接口为连续 JSCC 或上层模型,,DeepSC；DDPG；DQN；TD3；ETC,accuracy；latency；semantic similarity,,,未正面处理。系统模型不足以追踪残余 bit/index/packet error 到最终语义质量。,全文没有完整闭合语义表示到 bit/symbol/packet 的实现链；残余误码、控制开销和真实射频条件仍是外推风险。
2024,core,xURLLC-Aware Service Provisioning in Vehicular Networks: A Semantic Communication Perspective,10.1109/twc.2023.3319442,语义信息度量与理论,语义 feature/latent；量化到 bitstream 的接口未完整报告,类别 0：信道作用点不足，或由外部传统链路抽象承担,否/不适用：主接口为连续 JSCC 或上层模型,,,latency；throughput；PER,,,未正面处理。系统模型不足以追踪残余 bit/index/packet error 到最终语义质量。,全文没有完整闭合语义表示到 bit/symbol/packet 的实现链；残余误码、控制开销和真实射频条件仍是外推风险。
2025,core,Adaptive Semantic Generation and NOMA-Based Interference-Aware Transmission for 6G Networks,10.1109/twc.2024.3520870,图像传输、压缩或生成,语义 feature/latent；量化到 bitstream 的接口未完整报告,类别 0：信道作用点不足，或由外部传统链路抽象承担,否/不适用：主接口为连续 JSCC 或上层模型,ImageNet,JPEG；LDPC；Transformer；QAM；NOMA；ETC,PSNR；accuracy；AoI；throughput,,,未正面处理。系统模型不足以追踪残余 bit/index/packet error 到最终语义质量。,全文没有完整闭合语义表示到 bit/symbol/packet 的实现链；残余误码、控制开销和真实射频条件仍是外推风险。
2025,core,Agent-Driven Generative Semantic Communication With Cross-Modality and Prediction,10.1109/twc.2024.3519325,图像传输、压缩或生成,语义 feature/latent；量化到 bitstream 的接口未完整报告,类别 0：信道作用点不足，或由外部传统链路抽象承担,否/不适用：主接口为连续 JSCC 或上层模型,HEVC,JPEG；Transformer；SAC；H.265；HEVC；JSCC；YOLO；CLIP,PSNR；SSIM；LPIPS；mAP；accuracy；latency；energy efficiency；MSE；IoU；PER,,,未正面处理。系统模型不足以追踪残余 bit/index/packet error 到最终语义质量。,全文没有完整闭合语义表示到 bit/symbol/packet 的实现链；残余误码、控制开销和真实射频条件仍是外推风险。
2025,core,Alternate Learning-Based SNR-Adaptive Sparse Semantic Visual Transmission,10.1109/twc.2024.3512652,图像传输、压缩或生成,显式数字语义表示：bit、离散 token 或码本 index,类别 1：形成数字表示，但物理链路按可靠 bitstream 抽象,是：存在明确的离散/有限数字接口,DIV2K；HEVC,DeepJSCC；WITT；JPEG；BPG；LDPC；Transformer；QAM；PPO；HEVC；JSCC；SwinJSCC；BERT,PSNR；SSIM；FID；accuracy；semantic similarity；MSE,SNR = 10 dB；SNR of 29.57 dB,CBR = 0.1,否。论文默认数字码流可靠到达，未评估 bit flip、熵码失同步或 packet loss 对语义变量的影响。,全文没有完整闭合语义表示到 bit/symbol/packet 的实现链；残余误码、控制开销和真实射频条件仍是外推风险。
2025,core,Computation-Aware Offloading for DNN Inference Tasks in Semantic Communication Assisted MEC Systems,10.1109/twc.2024.3523517,任务导向推理,上层理论/资源变量；论文不单独定义可发送语义格式,类别 5：沿用底层链路或抽象速率—效用模型,否/不适用：主接口为连续 JSCC 或上层模型,,DeepSC；NOMA；ResNet；BERT,accuracy；latency；energy efficiency,,,未正面处理。系统模型不足以追踪残余 bit/index/packet error 到最终语义质量。,结果依赖抽象效用曲线、仿真信道和理想状态信息；底层语义 codec、控制信令与有限时延开销常未共同计入。
2025,related,Diff-GO+: An Efficient Diffusion Goal-Oriented Communication System With Local Feedback,10.1109/twc.2025.3554442,任务导向推理,显式数字语义表示：bit、离散 token 或码本 index,类别 1：形成数字表示，但物理链路按可靠 bitstream 抽象,是：存在明确的离散/有限数字接口,,JPEG；WebP；VQ-VAE；VAE；FEC,LPIPS；FID；mAP；PER,,,否。论文默认数字码流可靠到达，未评估 bit flip、熵码失同步或 packet loss 对语义变量的影响。,全文没有完整闭合语义表示到 bit/symbol/packet 的实现链；残余误码、控制开销和真实射频条件仍是外推风险。
2025,core,Diffusion-Driven Semantic Communication for Generative Models With Bandwidth Constraints,10.1109/twc.2025.3553851,图像传输、压缩或生成,连续神经 JSCC latent / 实复信道符号,类别 3：连续语义变量直接经过有噪声信道并端到端恢复,否/不适用：主接口为连续 JSCC 或上层模型,,DeepJSCC；VAE；JSCC；CLIP,PSNR；SSIM；LPIPS；FID；mAP；semantic similarity；MSE,SNR = 0 dB；SNR = 12 dB；under 10 dB SNR,,不适用 VQ index 跳变。论文处理的是连续噪声/衰落；这不能自动证明量化和调制后的数字链路鲁棒性。,主接口仍是连续神经符号；量化、有限星座、同步、信道估计和残余误码未形成完整数字实现。
2025,core,Dynamic Semantic Compression for CNN Inference in Multi-Access Edge Computing: A Graph Reinforcement Learning-Based Autoencoder,10.1109/twc.2024.3518399,任务导向推理,连续神经 JSCC latent / 实复信道符号,类别 3：连续语义变量直接经过有噪声信道并端到端恢复,否/不适用：主接口为连续 JSCC 或上层模型,,DeepJSCC；JSCC；ResNet,mAP；accuracy；latency；throughput,,,不适用 VQ index 跳变。论文处理的是连续噪声/衰落；这不能自动证明量化和调制后的数字链路鲁棒性。,主接口仍是连续神经符号；量化、有限星座、同步、信道估计和残余误码未形成完整数字实现。
2025,core,Energy-Efficient Probabilistic Semantic Communication Over Space-Air-Ground Integrated Networks,10.1109/twc.2025.3569102,语义感知资源分配与网络优化,语义 feature/latent；量化到 bitstream 的接口未完整报告,类别 0：信道作用点不足，或由外部传统链路抽象承担,否/不适用：主接口为连续 JSCC 或上层模型,,NOMA；RSMA；OFDM；BERT；ETC,latency；energy efficiency,,,未正面处理。系统模型不足以追踪残余 bit/index/packet error 到最终语义质量。,全文没有完整闭合语义表示到 bit/symbol/packet 的实现链；残余误码、控制开销和真实射频条件仍是外推风险。
2025,core,Feature Allocation for Semantic Communication With Space-Time Importance Awareness,10.1109/twc.2025.3569320,图像传输、压缩或生成,语义 feature/latent；量化到 bitstream 的接口未完整报告,类别 0：信道作用点不足，或由外部传统链路抽象承担,否/不适用：主接口为连续 JSCC 或上层模型,CIFAR-10；ImageNet；Kodak,DeepJSCC；Transformer；ADJSCC；JSCC；Polar,PSNR；SSIM；accuracy；MSE,SNR = 13 dB,,未正面处理。系统模型不足以追踪残余 bit/index/packet error 到最终语义质量。,全文没有完整闭合语义表示到 bit/symbol/packet 的实现链；残余误码、控制开销和真实射频条件仍是外推风险。
2025,core,IRS-Enhanced Secure Semantic Communication Networks: Cross-Layer and Context-Awared Resource Allocation,10.1109/twc.2024.3495720,语义感知资源分配与网络优化,显式数字语义表示：bit、离散 token 或码本 index,类别 1：形成数字表示，但物理链路按可靠 bitstream 抽象,是：存在明确的离散/有限数字接口,ImageNet,JPEG2000；BPG；Turbo；VQ-VAE；VAE；QAM；NOMA；DQN；SAC；JPEG；OFDM；TD3,SSIM；MS-SSIM；LPIPS；latency；energy efficiency；MSE,,,否。论文默认数字码流可靠到达，未评估 bit flip、熵码失同步或 packet loss 对语义变量的影响。,全文没有完整闭合语义表示到 bit/symbol/packet 的实现链；残余误码、控制开销和真实射频条件仍是外推风险。
2025,core,Joint Semantic Transmission and Resource Allocation for Intelligent Computation Task Offloading in MEC Systems,10.1109/twc.2025.3568870,语义感知资源分配与网络优化,上层理论/资源变量；论文不单独定义可发送语义格式,类别 5：沿用底层链路或抽象速率—效用模型,否/不适用：主接口为连续 JSCC 或上层模型,CIFAR-10,DeepJSCC；JSCC；OFDM,mAP；accuracy；latency,,,未正面处理。系统模型不足以追踪残余 bit/index/packet error 到最终语义质量。,结果依赖抽象效用曲线、仿真信道和理想状态信息；底层语义 codec、控制信令与有限时延开销常未共同计入。
2025,core,Latent Diffusion Model-Enabled Low-Latency Semantic Communication in the Presence of Semantic Ambiguities and Wireless Channel Noises,10.1109/twc.2025.3535714,图像传输、压缩或生成,语义 feature/latent；量化到 bitstream 的接口未完整报告,类别 0：信道作用点不足，或由外部传统链路抽象承担,否/不适用：主接口为连续 JSCC 或上层模型,MNIST；Fashion-MNIST；DIV2K,JPEG2000；JPEG；BPG；LDPC；VAE；GAN；QAM；JSCC；Swift,PSNR；SSIM；MS-SSIM；LPIPS；mAP；accuracy；latency；MSE；PER,SNR of 20 dB；SNR of 10 dB；under 10 dB SNR,CBR of 0.02,未正面处理。系统模型不足以追踪残余 bit/index/packet error 到最终语义质量。,全文没有完整闭合语义表示到 bit/symbol/packet 的实现链；残余误码、控制开销和真实射频条件仍是外推风险。
2025,core,Lyapunov-Guided Deep Reinforcement Learning for Semantic-Aware AoI Minimization in UAV-Assisted Wireless Networks,10.1109/twc.2025.3552809,语义感知资源分配与网络优化,上层理论/资源变量；论文不单独定义可发送语义格式,类别 5：沿用底层链路或抽象速率—效用模型,否/不适用：主接口为连续 JSCC 或上层模型,,PPO；CLIP,AoI；PER,,,未正面处理。系统模型不足以追踪残余 bit/index/packet error 到最终语义质量。,结果依赖抽象效用曲线、仿真信道和理想状态信息；底层语义 codec、控制信令与有限时延开销常未共同计入。
2025,core,Multi-Scale Semantic Communication for Object Detection: Single and Cross-Domain Scenarios,10.1109/twc.2025.3552255,图像传输、压缩或生成,语义 feature/latent；量化到 bitstream 的接口未完整报告,类别 0：信道作用点不足，或由外部传统链路抽象承担,否/不适用：主接口为连续 JSCC 或上层模型,ImageNet；Cityscapes；BDD100K,LDPC；QAM；ResNet,mAP；accuracy；IoU；PER,SNR = 10 dB,,未正面处理。系统模型不足以追踪残余 bit/index/packet error 到最终语义质量。,全文没有完整闭合语义表示到 bit/symbol/packet 的实现链；残余误码、控制开销和真实射频条件仍是外推风险。
2025,core,Post-Deployment Fine-Tunable Semantic Communication,10.1109/twc.2024.3433479,语义感知资源分配与网络优化,上层理论/资源变量；论文不单独定义可发送语义格式,类别 5：沿用底层链路或抽象速率—效用模型,否/不适用：主接口为连续 JSCC 或上层模型,CIFAR-10；CIFAR-100；ImageNet；FFHQ,JPEG；LDPC；VQ-VAE；VAE；JSCC,PSNR；mAP；accuracy；classification accuracy；utility,,,未正面处理。系统模型不足以追踪残余 bit/index/packet error 到最终语义质量。,结果依赖抽象效用曲线、仿真信道和理想状态信息；底层语义 codec、控制信令与有限时延开销常未共同计入。
2025,core,Rate Splitting Multiple Access-Enabled Adaptive Panoramic Video Semantic Transmission,10.1109/twc.2025.3570465,视频传输、生成或控制,连续神经 JSCC latent / 实复信道符号,类别 3：连续语义变量直接经过有噪声信道并端到端恢复,否/不适用：主接口为连续 JSCC 或上层模型,,NTSCC；LDPC；Transformer；NOMA；RSMA；PPO；DDPG；SAC；H.264；H.265；JSCC；OFDM,PSNR；SSIM；mAP；latency；PER,,,不适用 VQ index 跳变。论文处理的是连续噪声/衰落；这不能自动证明量化和调制后的数字链路鲁棒性。,主接口仍是连续神经符号；量化、有限星座、同步、信道估计和残余误码未形成完整数字实现。
2025,related,Residual Vector Quantized Diffusion Model-Based Joint Source-Channel Coding for Task-Oriented Agent Communication,10.1109/twc.2025.3543373,任务导向推理,显式数字语义表示：bit、离散 token 或码本 index,类别 1：形成数字表示，但物理链路按可靠 bitstream 抽象,是：存在明确的离散/有限数字接口,,LDPC；VQ-VAE；VAE；Transformer；JSCC,mAP；accuracy,,,否。论文默认数字码流可靠到达，未评估 bit flip、熵码失同步或 packet loss 对语义变量的影响。,全文没有完整闭合语义表示到 bit/symbol/packet 的实现链；残余误码、控制开销和真实射频条件仍是外推风险。
2025,core,Resource Allocation for Semantic-Aware Wireless Communication Networks With Imperfect CSI,10.1109/twc.2025.3575444,语义感知资源分配与网络优化,上层理论/资源变量；论文不单独定义可发送语义格式,类别 5：沿用底层链路或抽象速率—效用模型,否/不适用：主接口为连续 JSCC 或上层模型,,,accuracy；latency,,,未正面处理。系统模型不足以追踪残余 bit/index/packet error 到最终语义质量。,结果依赖抽象效用曲线、仿真信道和理想状态信息；底层语义 codec、控制信令与有限时延开销常未共同计入。
2025,core,Resource Allocation for the Training of Image Semantic Communication Networks,10.1109/twc.2025.3527014,图像传输、压缩或生成,上层理论/资源变量；论文不单独定义可发送语义格式,类别 5：沿用底层链路或抽象速率—效用模型,否/不适用：主接口为连续 JSCC 或上层模型,CIFAR-10,JPEG；JSCC,PSNR；accuracy；latency；PER,SNR=13dB；SNR=13 dB；SNR=4 dB；SNR of 25.67 dB,,未正面处理。系统模型不足以追踪残余 bit/index/packet error 到最终语义质量。,结果依赖抽象效用曲线、仿真信道和理想状态信息；底层语义 codec、控制信令与有限时延开销常未共同计入。
2025,related,Scalable Multi-Task Edge Sensing via Task-Oriented Joint Information Gathering and Broadcast,10.1109/twc.2025.3574442,任务导向推理,语义 feature/latent；量化到 bitstream 的接口未完整报告,类别 0：信道作用点不足，或由外部传统链路抽象承担,否/不适用：主接口为连续 JSCC 或上层模型,,DeepJSCC；ViT；Transformer；JSCC；DDPG,accuracy；latency；IoU；mIoU；BER,SNR = -5 dB,,未正面处理。系统模型不足以追踪残余 bit/index/packet error 到最终语义质量。,全文没有完整闭合语义表示到 bit/symbol/packet 的实现链；残余误码、控制开销和真实射频条件仍是外推风险。
2025,core,Semantic Base Enabled Image Transmission With Fine-Grained HARQ,10.1109/twc.2025.3532501,图像传输、压缩或生成,语义特征包/调制符号与 HARQ 冗余版本,类别 5：语义感知 HARQ/重传与任务判据耦合,是：存在明确的离散/有限数字接口,ImageNet；Cityscapes；CelebA；UVG,NTSCC；JPEG2000；BPG；LDPC；VQ-VAE；VAE；JPEG；OFDM；ResNet,PSNR；SSIM；MS-SSIM；LPIPS；FID；accuracy；classification accuracy；PER,SNR of 4 dB；SNR of 10 dB；SNR of 24.9 dB,,是。论文把离散错误/丢失放进训练或恢复流程，因而正面处理了数字变量受损后的语义恢复。,错误模型仍主要来自仿真；码本规模、包头/FEC、真实调制和 burst error 是否与训练分布一致，需要原型或真实链路验证。
2025,core,Semantic Communication Enabled 6G-NTN Framework: A Novel Denoising and Gateway Hop Integration Mechanism,10.1109/twc.2025.3578010,图像传输、压缩或生成,语义 feature/latent；量化到 bitstream 的接口未完整报告,类别 0：信道作用点不足，或由外部传统链路抽象承担,否/不适用：主接口为连续 JSCC 或上层模型,DIV2K,,PSNR；SSIM；MS-SSIM；latency；MSE,SNR = 0.359 dB；SNR = 2 dB,,未正面处理。系统模型不足以追踪残余 bit/index/packet error 到最终语义质量。,全文没有完整闭合语义表示到 bit/symbol/packet 的实现链；残余误码、控制开销和真实射频条件仍是外推风险。
2025,core,Semantic Prior Aided Channel-Adaptive Equalizing and De-Noising Semantic Communication System With Latent Diffusion Model,10.1109/twc.2025.3543167,图像传输、压缩或生成,语义 feature/latent；量化到 bitstream 的接口未完整报告,类别 0：信道作用点不足，或由外部传统链路抽象承担,否/不适用：主接口为连续 JSCC 或上层模型,FFHQ,DeepJSCC；JPEG；LDPC；ADJSCC；JSCC,PSNR；SSIM；LPIPS；mAP；MSE,SNR of -2 dB；SNR of 31 dB,CBR = 1/32,未正面处理。系统模型不足以追踪残余 bit/index/packet error 到最终语义质量。,全文没有完整闭合语义表示到 bit/symbol/packet 的实现链；残余误码、控制开销和真实射频条件仍是外推风险。
2025,core,Semantic-Aided Parallel Image Transmission Compatible With Practical System,10.1109/twc.2025.3566886,图像传输、压缩或生成,连续神经 JSCC latent / 实复信道符号,类别 3：连续语义变量直接经过有噪声信道并端到端恢复,否/不适用：主接口为连续 JSCC 或上层模型,ImageNet；Kodak,WITT；JPEG2000；JPEG；BPG；LDPC；Transformer；JSCC；SSCC；Polar；OFDM,PSNR；SSIM；MS-SSIM；LPIPS；MSE；throughput；PER,SNR=2dB；SNR = 6dB；SNR = 2dB；SNR = 10dB,CBR = 0.1；CBR = 1/12,不适用 VQ index 跳变。论文处理的是连续噪声/衰落；这不能自动证明量化和调制后的数字链路鲁棒性。,主接口仍是连续神经符号；量化、有限星座、同步、信道估计和残余误码未形成完整数字实现。
2025,core,Semantics-Empowered Non-Orthogonal Multiple Access for Downlink Transmission of Correlated Information Sources,10.1109/twc.2025.3563243,图像传输、压缩或生成,连续神经 JSCC latent / 实复信道符号,类别 3：连续语义变量直接经过有噪声信道并端到端恢复,否/不适用：主接口为连续 JSCC 或上层模型,MNIST,BPG；LDPC；QAM；NOMA；RSMA；H.264；JSCC；SSCC；OFDM；ETC,PSNR；SSIM；mAP；PER,,,不适用 VQ index 跳变。论文处理的是连续噪声/衰落；这不能自动证明量化和调制后的数字链路鲁棒性。,主接口仍是连续神经符号；量化、有限星座、同步、信道估计和残余误码未形成完整数字实现。
2025,core,Synchronous Multi-Modal Semantic Communication System With Packet-Level Coding,10.1109/twc.2025.3534995,多模态检索与任务通信,连续神经 JSCC latent / 实复信道符号,类别 3：连续语义变量直接经过有噪声信道并端到端恢复,否/不适用：主接口为连续 JSCC 或上层模型,VoxCeleb,DeepSC；DeepJSCC；GAN；Transformer；H.264；H.265；AV1；DeepSC-S；JSCC；BERT；CLIP；FEC,PSNR；SSIM；LPIPS；BLEU；latency；semantic similarity；PESQ；MOS；bpp；PER,,0.0039 bpp；0.0077 bpp,不适用 VQ index 跳变。论文处理的是连续噪声/衰落；这不能自动证明量化和调制后的数字链路鲁棒性。,主接口仍是连续神经符号；量化、有限星座、同步、信道估计和残余误码未形成完整数字实现。
2025,related,Synesthesia of Machines (SoM)-Based Task-Driven MIMO System for Image Transmission,10.1109/twc.2025.3606237,图像传输、压缩或生成,连续神经 JSCC latent / 实复信道符号,类别 3：连续语义变量直接经过有噪声信道并端到端恢复,否/不适用：主接口为连续 JSCC 或上层模型,Cityscapes,ViT；JSCC,PSNR；mAP；BER,at -5dB SNR,,不适用 VQ index 跳变。论文处理的是连续噪声/衰落；这不能自动证明量化和调制后的数字链路鲁棒性。,主接口仍是连续神经符号；量化、有限星座、同步、信道估计和残余误码未形成完整数字实现。
2025,core,Task-Oriented Low-Label Semantic Communication With Self-Supervised Learning,10.1109/twc.2025.3574468,任务导向推理,语义 feature/latent；量化到 bitstream 的接口未完整报告,类别 0：信道作用点不足，或由外部传统链路抽象承担,否/不适用：主接口为连续 JSCC 或上层模型,ImageNet,JPEG；LDPC；QAM；JSCC；OFDM；ResNet,mAP；accuracy；classification accuracy；PER,SNR of -4 dB；SNR -4 dB,,未正面处理。系统模型不足以追踪残余 bit/index/packet error 到最终语义质量。,全文没有完整闭合语义表示到 bit/symbol/packet 的实现链；残余误码、控制开销和真实射频条件仍是外推风险。
2025,related,Unified Timing Analysis for Closed-Loop Goal-Oriented Wireless Communication,10.1109/twc.2024.3525087,任务导向推理,语义 feature/latent；量化到 bitstream 的接口未完整报告,类别 0：信道作用点不足，或由外部传统链路抽象承担,否/不适用：主接口为连续 JSCC 或上层模型,,,accuracy；latency,,,未正面处理。系统模型不足以追踪残余 bit/index/packet error 到最终语义质量。,全文没有完整闭合语义表示到 bit/symbol/packet 的实现链；残余误码、控制开销和真实射频条件仍是外推风险。
2025,core,Visual Language Model-Based Cross-Modal Semantic Communication Systems,10.1109/twc.2025.3539526,多模态检索与任务通信,语义 feature/latent；量化到 bitstream 的接口未完整报告,类别 0：信道作用点不足，或由外部传统链路抽象承担,否/不适用：主接口为连续 JSCC 或上层模型,Kaggle,WITT；VAE；ViT；Transformer；JSCC；BERT,BLEU；mAP；accuracy；classification accuracy；semantic similarity,,,未正面处理。系统模型不足以追踪残余 bit/index/packet error 到最终语义质量。,全文没有完整闭合语义表示到 bit/symbol/packet 的实现链；残余误码、控制开销和真实射频条件仍是外推风险。
2026,core,3D Deployment of UAV-BSs in Semantic Communication Networks: Mean-Field Multi-Agent Reinforcement Learning Approach,10.1109/twc.2025.3641947,语义感知资源分配与网络优化,上层理论/资源变量；论文不单独定义可发送语义格式,类别 5：沿用底层链路或抽象速率—效用模型,否/不适用：主接口为连续 JSCC 或上层模型,,DeepSC；DDPG；BERT,BLEU；BERTScore；mAP；accuracy；METEOR；PER,,,未正面处理。系统模型不足以追踪残余 bit/index/packet error 到最终语义质量。,结果依赖抽象效用曲线、仿真信道和理想状态信息；底层语义 codec、控制信令与有限时延开销常未共同计入。
2026,related,A Lightweight Gated Convolution and Attention Joint Source-Channel Coding Architecture for Bandwidth-Limited Wireless Image Transmission,10.1109/twc.2026.3706543,图像传输、压缩或生成,连续神经 JSCC latent / 实复信道符号,类别 3：连续语义变量直接经过有噪声信道并端到端恢复,否/不适用：主接口为连续 JSCC 或上层模型,Kodak；CLIC,NTSCC；BPG；LDPC；Transformer；ADJSCC；JSCC；OFDM；SwinJSCC,PSNR；SSIM；MS-SSIM；LPIPS；latency；NMSE；PER,SNR = 11 dB；SNR = 1 dB；SNR = 7 dB,CBR = 1/384；CBR = 1/48；CBR = 1/96；CBR = 1/192,不适用 VQ index 跳变。论文处理的是连续噪声/衰落；这不能自动证明量化和调制后的数字链路鲁棒性。,主接口仍是连续神经符号；量化、有限星座、同步、信道估计和残余误码未形成完整数字实现。
2026,core,A MIMO-Aided Semantic Covert Communication Approach Using Excess Distortion Exponent Optimization,10.1109/twc.2026.3714594,语义信息度量与理论,上层理论/资源变量；论文不单独定义可发送语义格式,类别 5：沿用底层链路或抽象速率—效用模型,否/不适用：主接口为连续 JSCC 或上层模型,,DeepSC；Turbo；Transformer；BERT；CLIP,BLEU；mAP；accuracy；latency；spectral efficiency；semantic similarity；PER,SNR = 0 dB；SNR of -5 dB；SNR of 5 dB；SNR = 5 dB,,未正面处理。系统模型不足以追踪残余 bit/index/packet error 到最终语义质量。,结果依赖抽象效用曲线、仿真信道和理想状态信息；底层语义 codec、控制信令与有限时延开销常未共同计入。
2026,core,A Semantic-Empowered Free-Space Optical Communication System With Turbulence-Resilient Vector Beams,10.1109/twc.2026.3659523,图像传输、压缩或生成,显式数字语义表示：bit、离散 token 或码本 index,类别 1：形成数字表示，但物理链路按可靠 bitstream 抽象,是：存在明确的离散/有限数字接口,MNIST；Fashion-MNIST,JPEG；Polar；Reed-Solomon,SSIM；accuracy；classification accuracy,,compression ratio of 1.085；compression ratio of 1；compression ratio of 32,否。论文默认数字码流可靠到达，未评估 bit flip、熵码失同步或 packet loss 对语义变量的影响。,全文没有完整闭合语义表示到 bit/symbol/packet 的实现链；残余误码、控制开销和真实射频条件仍是外推风险。
2026,core,A Superimposed Pilot Design Method for Semantic Transmission Over Doubly Selective Channel,10.1109/twc.2025.3650161,语义感知资源分配与网络优化,上层理论/资源变量；论文不单独定义可发送语义格式,类别 5：沿用底层链路或抽象速率—效用模型,否/不适用：主接口为连续 JSCC 或上层模型,,JSCC；OFDM,SSIM；MS-SSIM；accuracy,SNR=0 dB；SNR=5 dB；SNR=10 dB,,未正面处理。系统模型不足以追踪残余 bit/index/packet error 到最终语义质量。,结果依赖抽象效用曲线、仿真信道和理想状态信息；底层语义 codec、控制信令与有限时延开销常未共同计入。
2026,core,Active Movable-Element RIS Assisted Vehicular Semantic Communications: Modeling and Optimization,10.1109/twc.2026.3716064,通用语义通信系统,语义 feature/latent；量化到 bitstream 的接口未完整报告,类别 0：信道作用点不足，或由外部传统链路抽象承担,否/不适用：主接口为连续 JSCC 或上层模型,,OFDM；Swift；CLIP,mAP；accuracy；AoI；latency；energy efficiency；semantic similarity；PER,,,未正面处理。系统模型不足以追踪残余 bit/index/packet error 到最终语义质量。,全文没有完整闭合语义表示到 bit/symbol/packet 的实现链；残余误码、控制开销和真实射频条件仍是外推风险。
2026,core,Adaptive Semantic Communication System for High-Quality Remote Sensing Image Transmission in Unstable Wireless Environments,10.1109/twc.2025.3600880,图像传输、压缩或生成,连续神经 JSCC latent / 实复信道符号,类别 3：连续语义变量直接经过有噪声信道并端到端恢复,否/不适用：主接口为连续 JSCC 或上层模型,Kodak,DeepJSCC；WITT；BPG；GAN；ViT；Transformer；JSCC,PSNR；mAP；latency；MSE；PER,SNR = -3 dB；SNR of 30dB；SNR = 24 dB；SNR = 0 dB；SNR = 18 dB,bandwidth ratio: 1/4,不适用 VQ index 跳变。论文处理的是连续噪声/衰落；这不能自动证明量化和调制后的数字链路鲁棒性。,主接口仍是连续神经符号；量化、有限星座、同步、信道估计和残余误码未形成完整数字实现。
2026,core,Adaptive Semantic Speech Transmission for High-Speed Scenarios,10.1109/twc.2025.3601158,语音/音频传输或识别,语义 feature/latent；量化到 bitstream 的接口未完整报告,类别 0：信道作用点不足，或由外部传统链路抽象承担,否/不适用：主接口为连续 JSCC 或上层模型,LibriSpeech；VoxCeleb,DeepSC；LDPC；OFDM,WER；accuracy；MSE；PESQ,SNR of 26 dB；SNR of 10 dB,,未正面处理。系统模型不足以追踪残余 bit/index/packet error 到最终语义质量。,全文没有完整闭合语义表示到 bit/symbol/packet 的实现链；残余误码、控制开销和真实射频条件仍是外推风险。
2026,core,Adaptive Source-Channel Coding for Multi-User Semantic and Data Communications,10.1109/twc.2026.3679927,语义感知资源分配与网络优化,连续神经 JSCC latent / 实复信道符号,类别 3：连续语义变量直接经过有噪声信道并端到端恢复,否/不适用：主接口为连续 JSCC 或上层模型,CIFAR-10,BPG；NOMA；JSCC；SSCC；OFDM；ResNet,SSIM；MS-SSIM；accuracy；classification accuracy；spectral efficiency；semantic similarity；MSE；BER；PER,at 10 dB SNR,bandwidth ratio of 0.0356,不适用 VQ index 跳变。论文处理的是连续噪声/衰落；这不能自动证明量化和调制后的数字链路鲁棒性。,主接口仍是连续神经符号；量化、有限星座、同步、信道估计和残余误码未形成完整数字实现。
2026,core,Age of Semantic Information-Aware Wireless Transmission for Remote Monitoring Systems,10.1109/twc.2025.3600511,视频传输、生成或控制,上层理论/资源变量；论文不单独定义可发送语义格式,类别 5：沿用底层链路或抽象速率—效用模型,否/不适用：主接口为连续 JSCC 或上层模型,UCF101,LDPC；QAM；H.265；JSCC；CLIP,PSNR；SSIM；MS-SSIM；LPIPS；mAP；AoI,,,未正面处理。系统模型不足以追踪残余 bit/index/packet error 到最终语义质量。,结果依赖抽象效用曲线、仿真信道和理想状态信息；底层语义 codec、控制信令与有限时延开销常未共同计入。
2026,related,Coarse-to-Fine: A Dual-Phase Channel-Adaptive Method for Wireless Image Transmission,10.1109/twc.2025.3597717,图像传输、压缩或生成,连续神经 JSCC latent / 实复信道符号,类别 3：连续语义变量直接经过有噪声信道并端到端恢复,否/不适用：主接口为连续 JSCC 或上层模型,ImageNet；Kodak,DeepJSCC；DQN；ADJSCC；JSCC；OFDM,PSNR；SSIM；MS-SSIM；latency；MSE；PER,SNR of 10 dB,CBR = 1/24；CBR = 1/12,不适用 VQ index 跳变。论文处理的是连续噪声/衰落；这不能自动证明量化和调制后的数字链路鲁棒性。,主接口仍是连续神经符号；量化、有限星座、同步、信道估计和残余误码未形成完整数字实现。
2026,core,Coded Semantic-Aware Coordinated Transmission in Cohesive Clustered Satellite Systems: An Incremental MADRL Approach,10.1109/twc.2025.3624727,语义感知资源分配与网络优化,显式数字语义表示：bit、离散 token 或码本 index,类别 1：形成数字表示，但物理链路按可靠 bitstream 抽象,是：存在明确的离散/有限数字接口,,,accuracy；AoI；energy efficiency；utility,SNR = 10dB；SNR=10 dB；SNR = 10 dB,,否。论文默认数字码流可靠到达，未评估 bit flip、熵码失同步或 packet loss 对语义变量的影响。,全文没有完整闭合语义表示到 bit/symbol/packet 的实现链；残余误码、控制开销和真实射频条件仍是外推风险。
2026,core,CoDS: Collaborative Perception via Digital Semantic Communication,10.1109/twc.2026.3698559,任务导向推理,显式数字语义表示：bit、离散 token 或码本 index,类别 4：离散 bit/index/packet error 被显式建模或联合训练,是：存在明确的离散/有限数字接口,OPV2V；CARLA,LDPC；VQ-VAE；VAE；GAN；Transformer；QAM,mAP；accuracy；latency；IoU；throughput；PER,SNR = -10 dB；SNR = 20 dB；SNR of 20 dB；SNR of 12 dB；SNR = 12 dB；SNR = 5 dB,,是。论文把离散错误/丢失放进训练或恢复流程，因而正面处理了数字变量受损后的语义恢复。,错误模型仍主要来自仿真；码本规模、包头/FEC、真实调制和 burst error 是否与训练分布一致，需要原型或真实链路验证。
2026,core,DGSemCom: Digital Generative Semantic Communications via Discrete Denoising Diffusion Model for Latent Error Correction,10.1109/twc.2026.3709956,图像传输、压缩或生成,显式数字语义表示：bit、离散 token 或码本 index,类别 4：离散 bit/index/packet error 被显式建模或联合训练,是：存在明确的离散/有限数字接口,FFHQ,BPG；LDPC；Transformer；QAM,PSNR；SSIM；MS-SSIM；LPIPS；FID；mAP；accuracy；latency；semantic similarity；bpp,SNR = 4 dB；SNR = 2 dB；SNR = 0 dB；SNR = 12 dB；SNR of 0 dB,,是。论文把离散错误/丢失放进训练或恢复流程，因而正面处理了数字变量受损后的语义恢复。,错误模型仍主要来自仿真；码本规模、包头/FEC、真实调制和 burst error 是否与训练分布一致，需要原型或真实链路验证。
2026,core,Diffusion-Based Trajectory and Semantic Resource Optimization in UAV-Assisted Edge Computing,10.1109/twc.2026.3657387,语义感知资源分配与网络优化,语义 feature/latent；量化到 bitstream 的接口未完整报告,类别 0：信道作用点不足，或由外部传统链路抽象承担,否/不适用：主接口为连续 JSCC 或上层模型,,NOMA；RSMA；DDPG,accuracy；AoI；latency；semantic similarity；throughput；PER,,,未正面处理。系统模型不足以追踪残余 bit/index/packet error 到最终语义质量。,全文没有完整闭合语义表示到 bit/symbol/packet 的实现链；残余误码、控制开销和真实射频条件仍是外推风险。
2026,core,Diffusion-Enabled Secure Semantic Communication Against Eavesdropping,10.1109/twc.2026.3670608,语义感知资源分配与网络优化,语义 feature/latent；量化到 bitstream 的接口未完整报告,类别 0：信道作用点不足，或由外部传统链路抽象承担,否/不适用：主接口为连续 JSCC 或上层模型,CIFAR-10；MNIST,Transformer；DDPG,mAP；accuracy；classification accuracy；latency；MSE,,,未正面处理。系统模型不足以追踪残余 bit/index/packet error 到最终语义质量。,全文没有完整闭合语义表示到 bit/symbol/packet 的实现链；残余误码、控制开销和真实射频条件仍是外推风险。
2026,core,Digital Semantic Communications: An Alternating Multi-Phase Training Strategy With Mask Attack,10.1109/twc.2025.3611141,图像传输、压缩或生成,显式数字语义表示：bit、离散 token 或码本 index,类别 1：形成数字表示，但物理链路按可靠 bitstream 抽象,是：存在明确的离散/有限数字接口,ImageNet；DIV2K；Kodak,DeepJSCC；JPEG；LDPC；QAM；JSCC；SSCC；SwinJSCC,PSNR；LPIPS；accuracy,SNR from 0dB；SNR of 27.63dB；SNR=7dB,,否。论文默认数字码流可靠到达，未评估 bit flip、熵码失同步或 packet loss 对语义变量的影响。,全文没有完整闭合语义表示到 bit/symbol/packet 的实现链；残余误码、控制开销和真实射频条件仍是外推风险。
2026,core,DRL-Driven Resource Allocation for Hybrid NOMA-Assisted Semantic Communication Networks,10.1109/twc.2026.3686618,语义感知资源分配与网络优化,语义 feature/latent；量化到 bitstream 的接口未完整报告,类别 0：信道作用点不足，或由外部传统链路抽象承担,否/不适用：主接口为连续 JSCC 或上层模型,,DeepSC；Transformer；NOMA；DDPG；DQN；SAC；OFDM,accuracy；PER,,,未正面处理。系统模型不足以追踪残余 bit/index/packet error 到最终语义质量。,全文没有完整闭合语义表示到 bit/symbol/packet 的实现链；残余误码、控制开销和真实射频条件仍是外推风险。
2026,core,Enabling Terahertz Communications in Vehicular Networks: Continuous Beam Coverage and Semantic NOMA,10.1109/twc.2026.3711128,语义感知资源分配与网络优化,语义 feature/latent；量化到 bitstream 的接口未完整报告,类别 0：信道作用点不足，或由外部传统链路抽象承担,否/不适用：主接口为连续 JSCC 或上层模型,,VAE；NOMA；OFDM；CLIP,PSNR；accuracy；throughput,,,未正面处理。系统模型不足以追踪残余 bit/index/packet error 到最终语义质量。,全文没有完整闭合语义表示到 bit/symbol/packet 的实现链；残余误码、控制开销和真实射频条件仍是外推风险。
2026,core,ESC-MVQ: End-to-End Semantic Communication With Multi-Codebook Vector Quantization,10.1109/twc.2025.3605838,任务导向推理,显式数字语义表示：bit、离散 token 或码本 index,类别 4：离散 bit/index/packet error 被显式建模或联合训练,是：存在明确的离散/有限数字接口,CIFAR-10；CIFAR-100；STL-10,JPEG；LDPC；QAM；CLIP,PSNR；latency；MSE；BER；PER,SNR = 10 dB,,是。论文把离散错误/丢失放进训练或恢复流程，因而正面处理了数字变量受损后的语义恢复。,错误模型仍主要来自仿真；码本规模、包头/FEC、真实调制和 burst error 是否与训练分布一致，需要原型或真实链路验证。
2026,core,Feature-Foundation Model Evolution for Low-Latency Semantic Communication,10.1109/twc.2026.3659294,语义感知资源分配与网络优化,语义 feature/latent；量化到 bitstream 的接口未完整报告,类别 0：信道作用点不足，或由外部传统链路抽象承担,否/不适用：主接口为连续 JSCC 或上层模型,ImageNet；VOC2012,JPEG；LDPC；ResNet,accuracy；latency；PSNR；PER,,,未正面处理。系统模型不足以追踪残余 bit/index/packet error 到最终语义质量。,全文没有完整闭合语义表示到 bit/symbol/packet 的实现链；残余误码、控制开销和真实射频条件仍是外推风险。
2026,core,Feature-Sensitivity-Aware Quantization and Joint Multi-Streaming Design for Latency-Constrained Multi-Task Semantic Communications,10.1109/twc.2026.3718740,视频传输、生成或控制,上层理论/资源变量；论文不单独定义可发送语义格式,类别 5：沿用底层链路或抽象速率—效用模型,否/不适用：主接口为连续 JSCC 或上层模型,BDD100K,BPG；LDPC,mAP；accuracy；latency；utility；IoU；mIoU；PER,,,未正面处理。系统模型不足以追踪残余 bit/index/packet error 到最终语义质量。,结果依赖抽象效用曲线、仿真信道和理想状态信息；底层语义 codec、控制信令与有限时延开销常未共同计入。
2026,core,Flexible Bit and Semantic On-Demand Transmission Framework in Hyper-Reliable and Low Latency Communications Scenarios,10.1109/twc.2025.3598278,图像传输、压缩或生成,上层理论/资源变量；论文不单独定义可发送语义格式,类别 5：沿用底层链路或抽象速率—效用模型,否/不适用：主接口为连续 JSCC 或上层模型,,DQN,accuracy,SNR of 25dB；SNR of 0dB,,未正面处理。系统模型不足以追踪残余 bit/index/packet error 到最终语义质量。,结果依赖抽象效用曲线、仿真信道和理想状态信息；底层语义 codec、控制信令与有限时延开销常未共同计入。
2026,core,Foundation Model-Aided Channel-Adaptive Video Semantic Communication and Prototype Validation,10.1109/twc.2025.3600221,视频传输、生成或控制,连续神经 JSCC latent / 实复信道符号,类别 3：连续语义变量直接经过有噪声信道并端到端恢复,否/不适用：主接口为连续 JSCC 或上层模型,UCF101,WITT；LDPC；QAM；H.265；OFDM,PSNR；SSIM；LPIPS；latency；utility；MSE；IoU；bpp；BER；PER,,0.25 bpp；0.05 bpp,不适用 VQ index 跳变。论文处理的是连续噪声/衰落；这不能自动证明量化和调制后的数字链路鲁棒性。,主接口仍是连续神经符号；量化、有限星座、同步、信道估计和残余误码未形成完整数字实现。
2026,core,Generative AI Driven Task-Oriented Adaptive Semantic Communications,10.1109/twc.2025.3644355,任务导向推理,连续神经 JSCC latent / 实复信道符号,类别 3：连续语义变量直接经过有噪声信道并端到端恢复,否/不适用：主接口为连续 JSCC 或上层模型,,JPEG；LDPC；ViT；Transformer；JSCC；YOLO,PSNR；mAP；accuracy；mIoU,SNR of 20 dB；SNR of 16 dB；SNR of 6 dB；SNR of 6dB,,不适用 VQ index 跳变。论文处理的是连续噪声/衰落；这不能自动证明量化和调制后的数字链路鲁棒性。,主接口仍是连续神经符号；量化、有限星座、同步、信道估计和残余误码未形成完整数字实现。
2026,core,Generative Feature Imputing-A Technique for Error-Resilient Semantic Communication,10.1109/twc.2026.3700909,图像传输、压缩或生成,连续神经 JSCC latent / 实复信道符号,类别 3：连续语义变量直接经过有噪声信道并端到端恢复,否/不适用：主接口为连续 JSCC 或上层模型,ImageNet,JPEG2000；LDPC；VAE；Transformer；JPEG；JSCC；SSCC；ResNet,PSNR；LPIPS；mAP；accuracy；latency；MSE；classification accuracy；bpp；BER；PER,SNR of 0 dB；SNR = 23.7 dB；SNR = 19 dB；SNR = -4.2 dB；SNR = -3.7 dB；SNR = -4.5 dB；SNR of 10 dB；SNR = 0 dB,,不适用 VQ index 跳变。论文处理的是连续噪声/衰落；这不能自动证明量化和调制后的数字链路鲁棒性。,主接口仍是连续神经符号；量化、有限星座、同步、信道估计和残余误码未形成完整数字实现。
2026,core,Generative Semantic Communications for Robust Speech-to-Text Translation,10.1109/twc.2025.3590671,语音/音频传输或识别,语义 feature/latent；量化到 bitstream 的接口未完整报告,类别 0：信道作用点不足，或由外部传统链路抽象承担,否/不适用：主接口为连续 JSCC 或上层模型,,DeepSC；Polar；VQ-VAE；VAE；GAN；Transformer；QAM；DeepSC-S,BLEU；accuracy；semantic similarity；PER,SNR=1 dB,,未正面处理。系统模型不足以追踪残余 bit/index/packet error 到最终语义质量。,全文没有完整闭合语义表示到 bit/symbol/packet 的实现链；残余误码、控制开销和真实射频条件仍是外推风险。
2026,core,Goal-Oriented Semantic Communication for ISAC-Enabled Robotic Obstacle Avoidance,10.1109/twc.2026.3716013,任务导向推理,语义 feature/latent；量化到 bitstream 的接口未完整报告,类别 0：信道作用点不足，或由外部传统链路抽象承担,否/不适用：主接口为连续 JSCC 或上层模型,,DQN,accuracy；latency；PER,,,未正面处理。系统模型不足以追踪残余 bit/index/packet error 到最终语义质量。,全文没有完整闭合语义表示到 bit/symbol/packet 的实现链；残余误码、控制开销和真实射频条件仍是外推风险。
2026,core,Goal-Oriented Semantic Communication for Wireless Video Transmission via Generative AI,10.1109/twc.2026.3654401,视频传输、生成或控制,语义 feature/latent；量化到 bitstream 的接口未完整报告,类别 0：信道作用点不足，或由外部传统链路抽象承担,否/不适用：主接口为连续 JSCC 或上层模型,,LDPC；H.264；ADJSCC；JSCC；CLIP,PSNR；FID；mAP；latency；MSE；PER,SNR of 0 dB,,未正面处理。系统模型不足以追踪残余 bit/index/packet error 到最终语义质量。,全文没有完整闭合语义表示到 bit/symbol/packet 的实现链；残余误码、控制开销和真实射频条件仍是外推风险。
2026,core,Goal-Oriented Semantic Communications Enabled by Generative AI and Optimal Transport for Metaverse Construction,10.1109/twc.2026.3707742,点云/三维场景传输,语义 feature/latent；量化到 bitstream 的接口未完整报告,类别 0：信道作用点不足，或由外部传统链路抽象承担,否/不适用：主接口为连续 JSCC 或上层模型,,Transformer；VVC；OFDM；ResNet；ETC,accuracy；latency；PER,At 20 dB SNR；at 0 dB SNR,,未正面处理。系统模型不足以追踪残余 bit/index/packet error 到最终语义质量。,全文没有完整闭合语义表示到 bit/symbol/packet 的实现链；残余误码、控制开销和真实射频条件仍是外推风险。
2026,related,Goal-Oriented Transmission Scheduling: Structure-Guided DRL With a Unified Dual On-Policy and Off-Policy Approach,10.1109/twc.2025.3627531,任务导向推理,上层理论/资源变量；论文不单独定义可发送语义格式,类别 5：沿用底层链路或抽象速率—效用模型,否/不适用：主接口为连续 JSCC 或上层模型,,NOMA；PPO；DDPG；SAC；CLIP,AoI；MSE；PER,,,未正面处理。系统模型不足以追踪残余 bit/index/packet error 到最终语义质量。,结果依赖抽象效用曲线、仿真信道和理想状态信息；底层语义 codec、控制信令与有限时延开销常未共同计入。
2026,core,Holographic Beamforming for Semantic Communication,10.1109/twc.2026.3707475,图像传输、压缩或生成,语义 feature/latent；量化到 bitstream 的接口未完整报告,类别 0：信道作用点不足，或由外部传统链路抽象承担,否/不适用：主接口为连续 JSCC 或上层模型,,ResNet,accuracy；latency；energy efficiency；spectral efficiency；PSNR；PER,,,未正面处理。系统模型不足以追踪残余 bit/index/packet error 到最终语义质量。,全文没有完整闭合语义表示到 bit/symbol/packet 的实现链；残余误码、控制开销和真实射频条件仍是外推风险。
2026,core,Hybrid-Action DRL-Based Resource Allocation for Semantic-Aware Computation Offloading in Vehicular Edge Networks,10.1109/twc.2025.3626670,语义感知资源分配与网络优化,上层理论/资源变量；论文不单独定义可发送语义格式,类别 5：沿用底层链路或抽象速率—效用模型,否/不适用：主接口为连续 JSCC 或上层模型,CIFAR-100；CIFAR-10,JSCC；ResNet；CLIP,PSNR；accuracy；latency；semantic similarity；utility,,,未正面处理。系统模型不足以追踪残余 bit/index/packet error 到最终语义质量。,结果依赖抽象效用曲线、仿真信道和理想状态信息；底层语义 codec、控制信令与有限时延开销常未共同计入。
2026,core,Importance-Aware Semantic Communication in MIMO-OFDM Systems Using Vision Transformer,10.1109/twc.2026.3665639,图像传输、压缩或生成,语义 feature/latent；量化到 bitstream 的接口未完整报告,类别 0：信道作用点不足，或由外部传统链路抽象承担,否/不适用：主接口为连续 JSCC 或上层模型,ImageNet,ViT；QAM；JSCC；OFDM,mAP；accuracy；classification accuracy；latency；energy efficiency；IoU；PER,SNR = 20 dB,,未正面处理。系统模型不足以追踪残余 bit/index/packet error 到最终语义质量。,全文没有完整闭合语义表示到 bit/symbol/packet 的实现链；残余误码、控制开销和真实射频条件仍是外推风险。
2026,related,In-Context Learning for Deep Joint Source-Channel Coding Over MIMO Channels,10.1109/twc.2026.3697658,文本传输或语言任务,连续神经 JSCC latent / 实复信道符号,类别 3：连续语义变量直接经过有噪声信道并端到端恢复,否/不适用：主接口为连续 JSCC 或上层模型,CIFAR-10；CelebA,DeepJSCC；BPG；ViT；Transformer；JSCC；GPT-2,PSNR；accuracy；MSE；PER,SNR = 20 dB；SNR = 10 dB,,不适用 VQ index 跳变。论文处理的是连续噪声/衰落；这不能自动证明量化和调制后的数字链路鲁棒性。,主接口仍是连续神经符号；量化、有限星座、同步、信道估计和残余误码未形成完整数字实现。
2026,core,Joint Optimization of Digital Semantic Communication and Radar Sensing for Enhanced ISAC,10.1109/twc.2026.3690165,图像传输、压缩或生成,显式数字语义表示：bit、离散 token 或码本 index,类别 1：形成数字表示，但物理链路按可靠 bitstream 抽象,是：存在明确的离散/有限数字接口,,QAM；PPO；DQN；OFDM；CLIP,mAP；accuracy；latency；PER,at 0 dB SNR；SNR of 9 dB；at 3 dB SNR；under 0 dB SNR；SNR of 0 dB；SNR of-9 dB,,否。论文默认数字码流可靠到达，未评估 bit flip、熵码失同步或 packet loss 对语义变量的影响。,全文没有完整闭合语义表示到 bit/symbol/packet 的实现链；残余误码、控制开销和真实射频条件仍是外推风险。
2026,core,Joint Power and Spectrum Orchestration for D2D Semantic Communication Underlying Energy-Efficient Cellular Networks,10.1109/twc.2025.3612327,语义信息度量与理论,上层理论/资源变量；论文不单独定义可发送语义格式,类别 5：沿用底层链路或抽象速率—效用模型,否/不适用：主接口为连续 JSCC 或上层模型,,ETC,latency；energy efficiency；spectral efficiency；utility；throughput；PER,,,未正面处理。系统模型不足以追踪残余 bit/index/packet error 到最终语义质量。,结果依赖抽象效用曲线、仿真信道和理想状态信息；底层语义 codec、控制信令与有限时延开销常未共同计入。
2026,core,Joint Semantic-Channel Coding and Modulation for Token Communications,10.1109/twc.2025.3636174,视频传输、生成或控制,显式数字语义表示：bit、离散 token 或码本 index,类别 2：数字语义变量接入调制、信道编码或 OFDM 链路,是：存在明确的离散/有限数字接口,ShapeNet,LDPC；Transformer；QAM；JSCC；BERT,PSNR；mAP；PER,SNR of 15 dB,,部分。论文有真实数字物理层接口，但若语义 decoder 只看到信道译码后的结果，残余 bit/index 跳变仍未必被端到端处理。,全文没有完整闭合语义表示到 bit/symbol/packet 的实现链；残余误码、控制开销和真实射频条件仍是外推风险。
2026,related,Joint Source-Channel Coding for Task-Oriented Broadcast Communications: An Information Bottleneck Approach With Rate Splitting,10.1109/twc.2026.3671290,任务导向推理,连续神经 JSCC latent / 实复信道符号,类别 3：连续语义变量直接经过有噪声信道并端到端恢复,否/不适用：主接口为连续 JSCC 或上层模型,,DeepJSCC；BPG；LDPC；QAM；JSCC；ResNet,accuracy；MSE,,,不适用 VQ index 跳变。论文处理的是连续噪声/衰落；这不能自动证明量化和调制后的数字链路鲁棒性。,主接口仍是连续神经符号；量化、有限星座、同步、信道估计和残余误码未形成完整数字实现。
2026,core,Knowledge Distillation-Driven Semantic NOMA for Image Transmission With Diffusion Model,10.1109/twc.2026.3658710,图像传输、压缩或生成,显式数字语义表示：bit、离散 token 或码本 index,类别 1：形成数字表示，但物理链路按可靠 bitstream 抽象,是：存在明确的离散/有限数字接口,CIFAR-10；ImageNet；FFHQ,DeepJSCC；BPG；LDPC；GAN；QAM；NOMA；ADJSCC；JSCC；ResNet,PSNR；SSIM；LPIPS；FID,,compression ratio of 1/48,否。论文默认数字码流可靠到达，未评估 bit flip、熵码失同步或 packet loss 对语义变量的影响。,全文没有完整闭合语义表示到 bit/symbol/packet 的实现链；残余误码、控制开销和真实射频条件仍是外推风险。
2026,related,Land-Then-Transport: A Flow Matching-Based Generative Decoder for Wireless Image Transmission,10.1109/twc.2026.3710439,图像传输、压缩或生成,有限星座/标准数字波形接口,类别 2：语义特征映射为调制符号或编码包,是：存在明确的离散/有限数字接口,MNIST；Fashion-MNIST；DIV2K,DeepJSCC；JPEG2000；JPEG；LDPC；JSCC,PSNR；SSIM；MS-SSIM；LPIPS；accuracy；latency；MSE；BER；PER,at 15 dB SNR,compression ratio of 16,部分。论文有真实数字物理层接口，但若语义 decoder 只看到信道译码后的结果，残余 bit/index 跳变仍未必被端到端处理。,全文没有完整闭合语义表示到 bit/symbol/packet 的实现链；残余误码、控制开销和真实射频条件仍是外推风险。
2026,core,Large Generative Model Assisted 3D Semantic Communication,10.1109/twc.2025.3624573,点云/三维场景传输,语义 feature/latent；量化到 bitstream 的接口未完整报告,类别 0：信道作用点不足，或由外部传统链路抽象承担,否/不适用：主接口为连续 JSCC 或上层模型,,DeepJSCC；VAE；GAN；ViT；Transformer；JSCC；BERT,PSNR；SSIM；BLEU；accuracy；MSE；NMSE；PER,,,未正面处理。系统模型不足以追踪残余 bit/index/packet error 到最终语义质量。,全文没有完整闭合语义表示到 bit/symbol/packet 的实现链；残余误码、控制开销和真实射频条件仍是外推风险。
2026,related,Learning to Interfere in Non-Orthogonal Multiple-Access Joint Source-Channel Coding,10.1109/twc.2026.3688951,图像传输、压缩或生成,连续神经 JSCC latent / 实复信道符号,类别 3：连续语义变量直接经过有噪声信道并端到端恢复,否/不适用：主接口为连续 JSCC 或上层模型,CIFAR-10；Cityscapes；Kodak,DeepJSCC；BPG；LDPC；QAM；NOMA；JSCC,PSNR；SSIM；MS-SSIM；LPIPS；latency；PER,,,不适用 VQ index 跳变。论文处理的是连续噪声/衰落；这不能自动证明量化和调制后的数字链路鲁棒性。,主接口仍是连续神经符号；量化、有限星座、同步、信道估计和残余误码未形成完整数字实现。
2026,core,MambaJSCC: Adaptive Deep Joint Source-Channel Coding With Generalized State Space Model,10.1109/twc.2025.3643835,图像传输、压缩或生成,连续神经 JSCC latent / 实复信道符号,类别 3：连续语义变量直接经过有噪声信道并端到端恢复,否/不适用：主接口为连续 JSCC 或上层模型,CelebA；Kodak；DIV2K,NTSCC；BPG；LDPC；Transformer；ADJSCC；JSCC；SwinJSCC,PSNR；LPIPS；latency；SSIM,SNR = 20 dB；SNR=20 dB；SNR of 29.72 dB；SNR = 10 dB；SNR of 20 dB；SNR=1 dB；SNR=5 dB；SNR of 15 dB,CBR= 48；CBR of 0.0208；CBR = 0.214；CBR of 0.208；CBR = 0.0483；CBR of 0.0521；CBR = 0.0179；CBR = 0.0564,不适用 VQ index 跳变。论文处理的是连续噪声/衰落；这不能自动证明量化和调制后的数字链路鲁棒性。,主接口仍是连续神经符号；量化、有限星座、同步、信道估计和残余误码未形成完整数字实现。
2026,core,Multimodal Semantic Communication With Information-Theoretic Disentangled Representations,10.1109/twc.2026.3707164,多模态检索与任务通信,语义 feature/latent；量化到 bitstream 的接口未完整报告,类别 0：信道作用点不足，或由外部传统链路抽象承担,否/不适用：主接口为连续 JSCC 或上层模型,,DeepSC；JPEG；LDPC；Transformer；JSCC,mAP；accuracy；latency；utility；PER,SNR = 10 dB；SNR = 5dB；SNR = 0 dB；SNR = 5 dB,,未正面处理。系统模型不足以追踪残余 bit/index/packet error 到最终语义质量。,全文没有完整闭合语义表示到 bit/symbol/packet 的实现链；残余误码、控制开销和真实射频条件仍是外推风险。
2026,core,Multiuser Semantic Communication With Concurrent Access for Collaborative Sensing in Internet of Vehicles,10.1109/twc.2026.3674666,语义信息度量与理论,语义 feature/latent；量化到 bitstream 的接口未完整报告,类别 0：信道作用点不足，或由外部传统链路抽象承担,否/不适用：主接口为连续 JSCC 或上层模型,OPV2V,ADJSCC；JSCC,MSE；IoU,SNR of -9 dB；SNR = 20 dB；SNR = 20dB；SNR = 5 dB；SNR = 24 dB；SNR = 3 dB；SNR = -9 dB,,未正面处理。系统模型不足以追踪残余 bit/index/packet error 到最终语义质量。,全文没有完整闭合语义表示到 bit/symbol/packet 的实现链；残余误码、控制开销和真实射频条件仍是外推风险。
2026,core,Optimization of Private Semantic Communication Performance: An Uncooperative Covert Communication Method,10.1109/twc.2025.3590749,图像传输、压缩或生成,语义 feature/latent；量化到 bitstream 的接口未完整报告,类别 0：信道作用点不足，或由外部传统链路抽象承担,否/不适用：主接口为连续 JSCC 或上层模型,,DDPG；DQN；SAC；CLIP；TD3,semantic similarity；SSIM,,,未正面处理。系统模型不足以追踪残余 bit/index/packet error 到最终语义质量。,全文没有完整闭合语义表示到 bit/symbol/packet 的实现链；残余误码、控制开销和真实射频条件仍是外推风险。
2026,core,"Position-Aided Semantic Communication for Efficient Image Transmission: Design, Implementation, and Experimental Results",10.1109/twc.2025.3614765,图像传输、压缩或生成,语义 feature/latent；量化到 bitstream 的接口未完整报告,类别 0：信道作用点不足，或由外部传统链路抽象承担,否/不适用：主接口为连续 JSCC 或上层模型,KITTI,JPEG；LDPC；ViT；JSCC；OFDM；CLIP,PSNR；SSIM；LPIPS；mAP；accuracy；latency；throughput；PER,SNR=5 dB；SNR=-5 dB；At 5 dB SNR；At -5 dB SNR；under -5 dB SNR；At 10 dB SNR,,未正面处理。系统模型不足以追踪残余 bit/index/packet error 到最终语义质量。,全文没有完整闭合语义表示到 bit/symbol/packet 的实现链；残余误码、控制开销和真实射频条件仍是外推风险。
2026,core,Resource Allocation for Image Transmission Using Adaptive Semantic and Bit Communication,10.1109/twc.2025.3604516,图像传输、压缩或生成,上层理论/资源变量；论文不单独定义可发送语义格式,类别 5：沿用底层链路或抽象速率—效用模型,否/不适用：主接口为连续 JSCC 或上层模型,,LDPC；QAM；NOMA；JSCC；OFDM；BERT,mAP；latency；utility；BER,,,未正面处理。系统模型不足以追踪残余 bit/index/packet error 到最终语义质量。,结果依赖抽象效用曲线、仿真信道和理想状态信息；底层语义 codec、控制信令与有限时延开销常未共同计入。
2026,core,Rethinking the PAPR Pitfall in Deep Learning-Based Semantic Communication Systems,10.1109/twc.2026.3704073,图像传输、压缩或生成,有限星座/标准数字波形接口,类别 2：语义特征映射为调制符号或编码包,是：存在明确的离散/有限数字接口,CIFAR-10,Transformer；QAM；JSCC；OFDM,PSNR,at 0 dB SNR,,部分。论文有真实数字物理层接口，但若语义 decoder 只看到信道译码后的结果，残余 bit/index 跳变仍未必被端到端处理。,全文没有完整闭合语义表示到 bit/symbol/packet 的实现链；残余误码、控制开销和真实射频条件仍是外推风险。
2026,core,"RIS-Enhanced Semantic-Aware Sensing, Communication, Computation, and Control for Internet of Things",10.1109/twc.2025.3595550,语义感知资源分配与网络优化,上层理论/资源变量；论文不单独定义可发送语义格式,类别 5：沿用底层链路或抽象速率—效用模型,否/不适用：主接口为连续 JSCC 或上层模型,,,accuracy；latency；PER,,,未正面处理。系统模型不足以追踪残余 bit/index/packet error 到最终语义质量。,结果依赖抽象效用曲线、仿真信道和理想状态信息；底层语义 codec、控制信令与有限时延开销常未共同计入。
2026,related,Robust Deep Joint Source-Channel Coding Enabled Distributed Image Transmission With Imperfect Channel State Information,10.1109/twc.2025.3601155,图像传输、压缩或生成,上层理论/资源变量；论文不单独定义可发送语义格式,类别 5：沿用底层链路或抽象速率—效用模型,否/不适用：主接口为连续 JSCC 或上层模型,Cityscapes；KITTI,VAE；JSCC；OFDM；CLIP,PSNR；SSIM；MS-SSIM；LPIPS；mAP；MSE,,,未正面处理。系统模型不足以追踪残余 bit/index/packet error 到最终语义质量。,结果依赖抽象效用曲线、仿真信道和理想状态信息；底层语义 codec、控制信令与有限时延开销常未共同计入。
2026,core,Robust Information Bottleneck Guided Non-Autoregressive Semantic Communication With Synonymous Mapping,10.1109/twc.2026.3679533,文本传输或语言任务,语义 feature/latent；量化到 bitstream 的接口未完整报告,类别 0：信道作用点不足，或由外部传统链路抽象承担,否/不适用：主接口为连续 JSCC 或上层模型,,DeepSC；LDPC；Transformer；QAM；BERT；RoBERTa,BLEU；latency,at 9 dB SNR,,未正面处理。系统模型不足以追踪残余 bit/index/packet error 到最终语义质量。,全文没有完整闭合语义表示到 bit/symbol/packet 的实现链；残余误码、控制开销和真实射频条件仍是外推风险。
2026,core,Robust Semantic Communication: A Dimension Selective Fading Analysis and Repair Approach,10.1109/twc.2026.3717328,文本传输或语言任务,上层理论/资源变量；论文不单独定义可发送语义格式,类别 5：沿用底层链路或抽象速率—效用模型,否/不适用：主接口为连续 JSCC 或上层模型,,DeepSC；LDPC；Transformer；JSCC；Polar；BERT；CLIP,BLEU；BERTScore；mAP；latency；semantic similarity；PER,,,未正面处理。系统模型不足以追踪残余 bit/index/packet error 到最终语义质量。,结果依赖抽象效用曲线、仿真信道和理想状态信息；底层语义 codec、控制信令与有限时延开销常未共同计入。
2026,related,Robustness-Enabled Energy-Efficient Feature Transmission for Edge Inference,10.1109/twc.2026.3671986,任务导向推理,显式数字语义表示：bit、离散 token 或码本 index,类别 4：离散 bit/index/packet error 被显式建模或联合训练,是：存在明确的离散/有限数字接口,ModelNet40,BERT,mAP；accuracy；classification accuracy；BER；PER,,,是。论文把离散错误/丢失放进训练或恢复流程，因而正面处理了数字变量受损后的语义恢复。,错误模型仍主要来自仿真；码本规模、包头/FEC、真实调制和 burst error 是否与训练分布一致，需要原型或真实链路验证。
2026,core,ROME: Robust Model Ensembling for Semantic Communication Against Semantic Jamming Attacks,10.1109/twc.2025.3597672,图像传输、压缩或生成,语义 feature/latent；量化到 bitstream 的接口未完整报告,类别 0：信道作用点不足，或由外部传统链路抽象承担,否/不适用：主接口为连续 JSCC 或上层模型,CIFAR-10；MNIST,GAN；JSCC,accuracy；classification accuracy,SNR = 13 dB；SNR = 7 dB,,未正面处理。系统模型不足以追踪残余 bit/index/packet error 到最终语义质量。,全文没有完整闭合语义表示到 bit/symbol/packet 的实现链；残余误码、控制开销和真实射频条件仍是外推风险。
2026,related,Scalable Deep Joint Source-Channel Coding for Multi-User Wireless Image Transmission With Diverse Bandwidth Conditions,10.1109/twc.2025.3630680,图像传输、压缩或生成,连续神经 JSCC latent / 实复信道符号,类别 3：连续语义变量直接经过有噪声信道并端到端恢复,否/不适用：主接口为连续 JSCC 或上层模型,CelebA；HEVC,DeepJSCC；JPEG2000；JPEG；BPG；WebP；LDPC；Turbo；Transformer；QAM；H.264；HEVC；JSCC,PSNR；mAP；accuracy；latency；MSE；PER,SNR = 9 dB；SNR = 5 dB,,不适用 VQ index 跳变。论文处理的是连续噪声/衰落；这不能自动证明量化和调制后的数字链路鲁棒性。,主接口仍是连续神经符号；量化、有限星座、同步、信道估计和残余误码未形成完整数字实现。
2026,core,Semantic Communication Over MIMO Channels via Score-Based Reverse Mean Propagation,10.1109/twc.2026.3703886,图像传输、压缩或生成,语义 feature/latent；量化到 bitstream 的接口未完整报告,类别 0：信道作用点不足，或由外部传统链路抽象承担,否/不适用：主接口为连续 JSCC 或上层模型,FFHQ,DeepJSCC；BPG；LDPC；JSCC；SSCC；OFDM,PSNR；LPIPS；FID；accuracy；latency；PER,SNR= -3 dB；SNR of -3 dB；SNR = 3 dB；SNR= 3 dB,,未正面处理。系统模型不足以追踪残余 bit/index/packet error 到最终语义质量。,全文没有完整闭合语义表示到 bit/symbol/packet 的实现链；残余误码、控制开销和真实射频条件仍是外推风险。
2026,core,Semantic Communication-Enhanced U-Shaped Split Federated Learning With Adaptive Compression for Vehicular Networks,10.1109/twc.2026.3660781,边缘学习与任务通信,语义 feature/latent；量化到 bitstream 的接口未完整报告,类别 0：信道作用点不足，或由外部传统链路抽象承担,否/不适用：主接口为连续 JSCC 或上层模型,CIFAR-10,DeepJSCC；ViT；JSCC；SSCC；ResNet,PSNR；accuracy；classification accuracy；latency；utility；MSE；PER,SNR = 19 dB；SNR of 0 dB；SNR of 19 dB,,未正面处理。系统模型不足以追踪残余 bit/index/packet error 到最终语义质量。,全文没有完整闭合语义表示到 bit/symbol/packet 的实现链；残余误码、控制开销和真实射频条件仍是外推风险。
2026,core,Semantic Communications for UAV Data Aggregation: A Layered Design Against Alterable Hovering Position,10.1109/twc.2025.3614182,语义感知资源分配与网络优化,上层理论/资源变量；论文不单独定义可发送语义格式,类别 5：沿用底层链路或抽象速率—效用模型,否/不适用：主接口为连续 JSCC 或上层模型,,JPEG；LDPC；Polar；QAM；NOMA；JSCC；OFDM,PSNR；SSIM；MSE；PER,SNR = 5 dB；SNR = -5 dB,,未正面处理。系统模型不足以追踪残余 bit/index/packet error 到最终语义质量。,结果依赖抽象效用曲线、仿真信道和理想状态信息；底层语义 codec、控制信令与有限时延开销常未共同计入。
2026,core,Semantic Noise-Aided Secure Image Transmission Over MIMO Fading Channels,10.1109/twc.2026.3703496,图像传输、压缩或生成,语义 feature/latent；量化到 bitstream 的接口未完整报告,类别 0：信道作用点不足，或由外部传统链路抽象承担,否/不适用：主接口为连续 JSCC 或上层模型,Cityscapes,WITT；BPG；LDPC；VQ-VAE；VAE；Transformer；JSCC；SSCC；OFDM,PSNR；SSIM；MS-SSIM；LPIPS；mAP；accuracy；throughput；PER,,,未正面处理。系统模型不足以追踪残余 bit/index/packet error 到最终语义质量。,全文没有完整闭合语义表示到 bit/symbol/packet 的实现链；残余误码、控制开销和真实射频条件仍是外推风险。
2026,core,Semantic-Aware UAV Swarms for Low-Delay and Energy-Efficient Data Collection,10.1109/twc.2026.3715324,语义感知资源分配与网络优化,上层理论/资源变量；论文不单独定义可发送语义格式,类别 5：沿用底层链路或抽象速率—效用模型,否/不适用：主接口为连续 JSCC 或上层模型,,PPO；CLIP,energy efficiency；PER,,,未正面处理。系统模型不足以追踪残余 bit/index/packet error 到最终语义质量。,结果依赖抽象效用曲线、仿真信道和理想状态信息；底层语义 codec、控制信令与有限时延开销常未共同计入。
2026,core,Semantic-Relevance-Based Sensor Selection for Edge-AI Empowered Sensing Systems,10.1109/twc.2025.3605523,任务导向推理,语义 feature/latent；量化到 bitstream 的接口未完整报告,类别 0：信道作用点不足，或由外部传统链路抽象承担,否/不适用：主接口为连续 JSCC 或上层模型,,JSCC；HM,mAP；accuracy；classification accuracy；latency,,,未正面处理。系统模型不足以追踪残余 bit/index/packet error 到最终语义质量。,全文没有完整闭合语义表示到 bit/symbol/packet 的实现链；残余误码、控制开销和真实射频条件仍是外推风险。
2026,core,Semantics-Guided Diffusion for Deep Joint Source-Channel Coding in Wireless Image Transmission,10.1109/twc.2025.3591456,图像传输、压缩或生成,连续神经 JSCC latent / 实复信道符号,类别 3：连续语义变量直接经过有噪声信道并端到端恢复,否/不适用：主接口为连续 JSCC 或上层模型,COCO；CelebA；Kodak,DeepJSCC；VAE；ViT；Transformer；QAM；ADJSCC；JSCC；OFDM；CLIP；HM,PSNR；LPIPS；FID；mAP；accuracy；latency；MSE；PER,SNR = -15 dB；SNR = -15dB；SNR = 10dB；SNR =10dB；SNR = -5 dB；SNR = 5 dB；SNR = -10 dB；SNR =5 dB；SNR =0 dB,CBR of 1,不适用 VQ index 跳变。论文处理的是连续噪声/衰落；这不能自动证明量化和调制后的数字链路鲁棒性。,主接口仍是连续神经符号；量化、有限星座、同步、信道估计和残余误码未形成完整数字实现。
2026,core,SemHARQ: Semantic-Aware Hybrid Automatic Repeat Request for Multi-Task Semantic Communications,10.1109/twc.2025.3602146,任务导向推理,语义特征包/调制符号与 HARQ 冗余版本,类别 5：语义感知 HARQ/重传与任务判据耦合,是：存在明确的离散/有限数字接口,ImageNet,DeepJSCC；JPEG；LDPC；QAM；ADJSCC；JSCC；BERT；ETC,mAP；accuracy；classification accuracy；BER,SNR = 0 dB；SNR = -6 dB,,是。论文把离散错误/丢失放进训练或恢复流程，因而正面处理了数字变量受损后的语义恢复。,错误模型仍主要来自仿真；码本规模、包头/FEC、真实调制和 burst error 是否与训练分布一致，需要原型或真实链路验证。
2026,core,Spectral Efficiency-Aware Codebook Design for Task-Oriented Semantic Communications,10.1109/twc.2026.3677460,任务导向推理,显式数字语义表示：bit、离散 token 或码本 index,类别 4：离散 bit/index/packet error 被显式建模或联合训练,是：存在明确的离散/有限数字接口,CIFAR-10；ImageNet,DeepJSCC；JPEG；LDPC；QAM；JSCC；ResNet,PSNR；SSIM；mAP；accuracy；classification accuracy；latency；spectral efficiency；utility；PER,,,是。论文把离散错误/丢失放进训练或恢复流程，因而正面处理了数字变量受损后的语义恢复。,错误模型仍主要来自仿真；码本规模、包头/FEC、真实调制和 burst error 是否与训练分布一致，需要原型或真实链路验证。
2026,core,SPHARQ-Based Semantic Communication,10.1109/twc.2025.3649359,任务导向推理,语义特征包/调制符号与 HARQ 冗余版本,类别 5：语义感知 HARQ/重传与任务判据耦合,是：存在明确的离散/有限数字接口,Cityscapes,JPEG；LDPC,PSNR；SSIM；MS-SSIM；accuracy；semantic similarity；IoU；throughput；PER,SNR of -10 dB；SNR = -10 dB；SNR = 0 dB；SNR = 6 dB,,是。论文把离散错误/丢失放进训练或恢复流程，因而正面处理了数字变量受损后的语义恢复。,错误模型仍主要来自仿真；码本规模、包头/FEC、真实调制和 burst error 是否与训练分布一致，需要原型或真实链路验证。
2026,core,Superimposed Pilot-Based Adaptive Semantic Communications for Wireless Image Transmission,10.1109/twc.2026.3694102,图像传输、压缩或生成,语义 feature/latent；量化到 bitstream 的接口未完整报告,类别 0：信道作用点不足，或由外部传统链路抽象承担,否/不适用：主接口为连续 JSCC 或上层模型,Kodak；DIV2K,Transformer；OFDM；ResNet,PSNR；mAP；accuracy；spectral efficiency；MSE；BER,,,未正面处理。系统模型不足以追踪残余 bit/index/packet error 到最终语义质量。,全文没有完整闭合语义表示到 bit/symbol/packet 的实现链；残余误码、控制开销和真实射频条件仍是外推风险。
2026,related,Synesthesia of Machines (SoM)-Empowered Wireless Image Transmission Over Time-Varying Dynamic Channel,10.1109/twc.2026.3690314,图像传输、压缩或生成,连续神经 JSCC latent / 实复信道符号,类别 3：连续语义变量直接经过有噪声信道并端到端恢复,否/不适用：主接口为连续 JSCC 或上层模型,,WITT；JPEG；LDPC；Transformer；ADJSCC；JSCC；SSCC；OFDM,PSNR；LPIPS；MSE；PER,SNR: 26.742 dB；SNR of 28.524 dB,,不适用 VQ index 跳变。论文处理的是连续噪声/衰落；这不能自动证明量化和调制后的数字链路鲁棒性。,主接口仍是连续神经符号；量化、有限星座、同步、信道估计和残余误码未形成完整数字实现。
2026,core,Task-Agnostic Semantic Communications Relying on Information Bottleneck and Federated Meta-Learning,10.1109/twc.2025.3632819,边缘学习与任务通信,上层理论/资源变量；论文不单独定义可发送语义格式,类别 5：沿用底层链路或抽象速率—效用模型,否/不适用：主接口为连续 JSCC 或上层模型,CIFAR-10,JPEG；LDPC；Turbo；Transformer；FedAvg；H.264；OFDM；BERT,accuracy；latency；SSIM；classification accuracy；PER,SNR of 8 dB,,未正面处理。系统模型不足以追踪残余 bit/index/packet error 到最终语义质量。,结果依赖抽象效用曲线、仿真信道和理想状态信息；底层语义 codec、控制信令与有限时延开销常未共同计入。
2026,related,Task-Oriented Multimodal Edge Intelligence via Integrated Sensing-Communication-Computation,10.1109/twc.2026.3710771,多模态检索与任务通信,语义 feature/latent；量化到 bitstream 的接口未完整报告,类别 0：信道作用点不足，或由外部传统链路抽象承担,否/不适用：主接口为连续 JSCC 或上层模型,,JSCC；ResNet,accuracy；latency；throughput；PER,,,未正面处理。系统模型不足以追踪残余 bit/index/packet error 到最终语义质量。,全文没有完整闭合语义表示到 bit/symbol/packet 的实现链；残余误码、控制开销和真实射频条件仍是外推风险。
2026,core,VAE-GAN-Based Semantic Communication for High-Quality Image Transmission,10.1109/twc.2025.3646209,图像传输、压缩或生成,连续神经 JSCC latent / 实复信道符号,类别 3：连续语义变量直接经过有噪声信道并端到端恢复,否/不适用：主接口为连续 JSCC 或上层模型,MNIST；Fashion-MNIST；FFHQ,DeepJSCC；VAE；GAN；JSCC；HM,SSIM；LPIPS；FID；mAP；energy efficiency；semantic similarity；MSE,SNR = 10 dB；SNR = 0 dB,,不适用 VQ index 跳变。论文处理的是连续噪声/衰落；这不能自动证明量化和调制后的数字链路鲁棒性。,主接口仍是连续神经符号；量化、有限星座、同步、信道估计和残余误码未形成完整数字实现。
2026,core,VQ-DeepVSC: A Dual-Stage Vector Quantization System for Video Semantic Communication,10.1109/twc.2025.3641237,视频传输、生成或控制,显式数字语义表示：bit、离散 token 或码本 index,类别 1：形成数字表示，但物理链路按可靠 bitstream 抽象,是：存在明确的离散/有限数字接口,UCF101,LDPC；H.265,SSIM；MS-SSIM；LPIPS；mAP,,,否。论文默认数字码流可靠到达，未评估 bit flip、熵码失同步或 packet loss 对语义变量的影响。,全文没有完整闭合语义表示到 bit/symbol/packet 的实现链；残余误码、控制开销和真实射频条件仍是外推风险。
