year,title,authors,venue,doi,screening_status,screening_reason
2023,Deep Learning Enabled Semantic Communications With Speech Recognition and Synthesis,Zhenzi Weng; Zhijin Qin; Xiaoming Tao; Chengkang Pan; Guangyi Liu; Geoffrey Ye Li,IEEE Transactions on Wireless Communications,10.1109/twc.2023.3240969,core,explicit semantic-communication terminology in title or abstract
2023,Edge Learning for Large-Scale Internet of Things With Task-Oriented Efficient Communication,Haihui Xie; Minghua Xia; Peiran Wu; Shuai Wang; H. Vincent Poor,IEEE Transactions on Wireless Communications,10.1109/twc.2023.3271665,related,"task/goal-oriented communication, feature/model transport, or DeepJSCC boundary lineage"
2023,Excess Distortion Exponent Analysis for Semantic-Aware MIMO Communication Systems,Yuxuan Shi; Shuo Shao; Yongpeng Wu; Wenjun Zhang; Xiang-Gen Xia; Chengshan Xiao,IEEE Transactions on Wireless Communications,10.1109/twc.2023.3238463,core,explicit semantic-communication terminology in title or abstract
2023,Integrated Sensing-Communication-Computation for Over-the-Air Edge AI Inference,Zeming Zhuang; Dingzhu Wen; Yuanming Shi; Guangxu Zhu; Sheng Wu; Dusit Niyato,IEEE Transactions on Wireless Communications,10.1109/twc.2023.3306465,related,"task/goal-oriented communication, feature/model transport, or DeepJSCC boundary lineage"
2023,Over-the-Air Multi-View Pooling for Distributed Sensing,Zhiyan Liu; Qiao Lan; Anders E. Kalør; Petar Popovski; Kaibin Huang,IEEE Transactions on Wireless Communications,10.1109/twc.2023.3343086,related,"task/goal-oriented communication, feature/model transport, or DeepJSCC boundary lineage"
2023,Predictive and Adaptive Deep Coding for Wireless Image Transmission in Semantic Communication,Wenyu Zhang; Haijun Zhang; Hui Ma; Hua Shao; Ning Wang; Victor C. M. Leung,IEEE Transactions on Wireless Communications,10.1109/twc.2023.3234408,core,explicit semantic-communication terminology in title or abstract
2023,Progressive Feature Transmission for Split Classification at the Wireless Edge,Qiao Lan; Qunsong Zeng; Petar Popovski; Deniz Gündüz; Kaibin Huang,IEEE Transactions on Wireless Communications,10.1109/twc.2022.3221778,related,"task/goal-oriented communication, feature/model transport, or DeepJSCC boundary lineage"
2023,Robust Semantic Communications With Masked VQ-VAE Enabled Codebook,Qiyu Hu; Guangyi Zhang; Zhijin Qin; Yunlong Cai; Guanding Yu; Geoffrey Ye Li,IEEE Transactions on Wireless Communications,10.1109/twc.2023.3265201,core,explicit semantic-communication terminology in title or abstract
2023,Semantic-Aware Sensing Information Transmission for Metaverse: A Contest Theoretic Approach,Jiacheng Wang; Hongyang Du; Zengshan Tian; Dusit Niyato; Jiawen Kang; Xuemin Shen,IEEE Transactions on Wireless Communications,10.1109/twc.2022.3232565,core,explicit semantic-communication terminology in title or abstract
2023,Task-Oriented Communication for Multidevice Cooperative Edge Inference,Jiawei Shao; Yuyi Mao; Jun Zhang,IEEE Transactions on Wireless Communications,10.1109/twc.2022.3191118,related,"task/goal-oriented communication, feature/model transport, or DeepJSCC boundary lineage"
2023,Task-Oriented Explainable Semantic Communications,Shuai Ma; Weining Qiao; Youlong Wu; Hang Li; Guangming Shi; Dahua Gao; Yuanming Shi; Shiyin Li; Naofal Al-Dhahir,IEEE Transactions on Wireless Communications,10.1109/twc.2023.3269444,core,explicit semantic-communication terminology in title or abstract
2023,The Age of Incorrect Information: An Enabler of Semantics-Empowered Communication,Ali Maatouk; Mohamad Assaad; Anthony Ephremides,IEEE Transactions on Wireless Communications,10.1109/twc.2022.3213227,core,explicit semantic-communication terminology in title or abstract
2024,A GAN-Based Semantic Communication for Text Without CSI,Jin Mao; Ke Xiong; Ming Liu; Zhijin Qin; Wei Chen; Pingyi Fan; Khaled Ben Letaief,IEEE Transactions on Wireless Communications,10.1109/twc.2024.3415363,core,explicit semantic-communication terminology in title or abstract
2024,A Robust Semantic Text Communication System,Xiang Peng; Zhijin Qin; Xiaoming Tao; Jianhua Lu; Lajos Hanzo,IEEE Transactions on Wireless Communications,10.1109/twc.2024.3381950,core,explicit semantic-communication terminology in title or abstract
2024,Age of Incorrect Information Minimization for Semantic-Empowered NOMA System in S-IoT,Hui Hong; Jian Jiao; Tao Yang; Ye Wang; Rongxing Lu; Qinyu Zhang,IEEE Transactions on Wireless Communications,10.1109/twc.2023.3334761,core,explicit semantic-communication terminology in title or abstract
2024,AirNet: Neural Network Transmission Over the Air,Mikołaj Jankowski; Denız Gündüz; Krystian Mikolajczyk,IEEE Transactions on Wireless Communications,10.1109/twc.2024.3388329,related,"task/goal-oriented communication, feature/model transport, or DeepJSCC boundary lineage"
2024,Analysis on Peak Age of Status Updates in Task-Oriented Machine- Type Communications,Yanlin Li; Xiaoqi Qin; Jincheng Dai; Xianxin Song; Nan Ma; Ping Zhang,IEEE Transactions on Wireless Communications,10.1109/twc.2024.3430903,related,"task/goal-oriented communication, feature/model transport, or DeepJSCC boundary lineage"
2024,AoI-Aware Interference Mitigation for Task-Oriented Multicasting in Multi-Cell NOMA Networks,Chih-Yu Lin; Wanjiun Liao,IEEE Transactions on Wireless Communications,10.1109/twc.2024.3381480,related,"task/goal-oriented communication, feature/model transport, or DeepJSCC boundary lineage"
2024,CDDM: Channel Denoising Diffusion Models for Wireless Semantic Communications,Tong Wu; Zhiyong Chen; Dazhi He; Liang Qian; Yin Xu; Meixia Tao; Wenjun Zhang,IEEE Transactions on Wireless Communications,10.1109/twc.2024.3379244,core,explicit semantic-communication terminology in title or abstract
2024,Compression Before Fusion: Broadcast Semantic Communication System for Heterogeneous Tasks,Mingze Gong; Shuoyao Wang; Fangwei Ye; Suzhi Bi,IEEE Transactions on Wireless Communications,10.1109/twc.2024.3483314,core,explicit semantic-communication terminology in title or abstract
2024,Deep Joint Source-Channel Coding for Adaptive Image Transmission Over MIMO Channels,Haotian Wu; Yulin Shao; Chenghong Bian; Krystian Mikolajczyk; Deniz Gündüz,IEEE Transactions on Wireless Communications,10.1109/twc.2024.3422794,core,explicit semantic-communication terminology in title or abstract
2024,Deep Learning-Empowered Semantic Communication Systems With a Shared Knowledge Base,Peng Yi; Yang Cao; Xin Kang; Ying-Chang Liang,IEEE Transactions on Wireless Communications,10.1109/twc.2023.3330744,core,explicit semantic-communication terminology in title or abstract
2024,Features Disentangled Semantic Broadcast Communication Networks,Shuai Ma; Zhi Zhang; Youlong Wu; Hang Li; Guangming Shi; Dahua Gao; Yuanming Shi; Shiyin Li; Naofal Al-Dhahir,IEEE Transactions on Wireless Communications,10.1109/twc.2023.3334225,core,explicit semantic-communication terminology in title or abstract
2024,Goal-Oriented Semantic Communications for Robotic Waypoint Transmission: The Value and Age of Information Approach,Wenchao Wu; Yuanqing Yang; Yansha Deng; A. Hamid Aghvami,IEEE Transactions on Wireless Communications,10.1109/twc.2024.3424493,core,explicit semantic-communication terminology in title or abstract
2024,Goal-Oriented Wireless Communication Resource Allocation for Cyber-Physical Systems,Cheng Feng; Kedi Zheng; Yi Wang; Kaibin Huang; Qixin Chen,IEEE Transactions on Wireless Communications,10.1109/twc.2024.3432918,related,"task/goal-oriented communication, feature/model transport, or DeepJSCC boundary lineage"
2024,Hybrid Semantic-Shannon Communications,Nikos G. Evgenidis; Nikos A. Mitsiou; Sotiris A. Tegos; Panagiotis D. Diamantoulakis; Panagiotis Sarigiannidis; Ioannis Krikidis; George K. Karagiannidis,IEEE Transactions on Wireless Communications,10.1109/twc.2024.3376998,core,explicit semantic-communication terminology in title or abstract
2024,Interference Suppressed NOMA for Semantic-Aware Communication Networks,Yimeng Zhang; Ruikang Zhong; Yuanwei Liu; Wenjun Xu; Ping Zhang,IEEE Transactions on Wireless Communications,10.1109/twc.2024.3371775,core,explicit semantic-communication terminology in title or abstract
2024,Joint URLLC Traffic Scheduling and Resource Allocation for Semantic Communication Systems,Guangyao Ding; Shengli Liu; Jiantao Yuan; Guanding Yu,IEEE Transactions on Wireless Communications,10.1109/twc.2023.3339239,core,explicit semantic-communication terminology in title or abstract
2024,Knowledge Distillation-Based Semantic Communications for Multiple Users,Chenguang Liu; Yuxin Zhou; Yunfei Chen; Shuang-Hua Yang,IEEE Transactions on Wireless Communications,10.1109/twc.2023.3336941,core,explicit semantic-communication terminology in title or abstract
2024,Machine Learning Enabled Heterogeneous Semantic and Bit Communication,Meng Zhang; Ruikang Zhong; Xidong Mu; Yuanwei Liu,IEEE Transactions on Wireless Communications,10.1109/twc.2024.3397635,core,explicit semantic-communication terminology in title or abstract
2024,Multi-Device Task-Oriented Communication via Maximal Coding Rate Reduction,Chang Cai; Xiaojun Yuan; Ying-Jun Angela Zhang,IEEE Transactions on Wireless Communications,10.1109/twc.2024.3461336,related,"task/goal-oriented communication, feature/model transport, or DeepJSCC boundary lineage"
2024,Neuro-Symbolic Causal Reasoning Meets Signaling Game for Emergent Semantic Communications,Christo Kurisummoottil Thomas; Walid Saad,IEEE Transactions on Wireless Communications,10.1109/twc.2023.3319981,core,explicit semantic-communication terminology in title or abstract
2024,Optimization of Image Transmission in Cooperative Semantic Communication Networks,Wenjing Zhang; Yining Wang; Mingzhe Chen; Tao Luo; Dusit Niyato,IEEE Transactions on Wireless Communications,10.1109/twc.2023.3282906,core,explicit semantic-communication terminology in title or abstract
2024,Orthogonal Model Division Multiple Access,Haotai Liang; Kaijun Liu; Xiaoyi Liu; Hongchao Jiang; Chen Dong; Xiaodong Xu; Kai Niu; Ping Zhang,IEEE Transactions on Wireless Communications,10.1109/twc.2024.3384421,core,explicit semantic-communication terminology in title or abstract
2024,Performance Limits of a Deep Learning-Enabled Text Semantic Communication Under Interference,Tilahun M. Getu; Walid Saad; Georges Kaddoum; Mehdi Bennis,IEEE Transactions on Wireless Communications,10.1109/twc.2024.3370497,core,explicit semantic-communication terminology in title or abstract
2024,Privacy-Preserving Task-Oriented Semantic Communications Against Model Inversion Attacks,Yanhu Wang; Shuaishuai Guo; Yiqin Deng; Haixia Zhang; Yuguang Fang,IEEE Transactions on Wireless Communications,10.1109/twc.2024.3369170,core,explicit semantic-communication terminology in title or abstract
2024,QoE-Based Semantic-Aware Resource Allocation for Multi-Task Networks,Lei Yan; Zhijin Qin; Chunfeng Li; Rui Zhang; Yongzhao Li; Xiaoming Tao,IEEE Transactions on Wireless Communications,10.1109/twc.2024.3386807,core,explicit semantic-communication terminology in title or abstract
2024,Reasoning Over the Air: A Reasoning- Based Implicit Semantic-Aware Communication Framework,Yong Xiao; Yiwei Liao; Yingyu Li; Guangming Shi; H. Vincent Poor; Walid Saad; Mérouane Debbah; Mehdi Bennis,IEEE Transactions on Wireless Communications,10.1109/twc.2023.3312115,core,explicit semantic-communication terminology in title or abstract
2024,Resource Allocation and Common Message Selection for Task-Oriented Semantic Information Transmission With RSMA,Yanyu Cheng; Dusit Niyato; Hongyang Du; Jiawen Kang; Zehui Xiong; Chunyan Miao; Dong In Kim,IEEE Transactions on Wireless Communications,10.1109/twc.2023.3327127,core,explicit semantic-communication terminology in title or abstract
2024,Resource Optimization for Semantic-Aware Networks With Task Offloading,Zelin Ji; Zhijin Qin; Xiaoming Tao; Zhu Han,IEEE Transactions on Wireless Communications,10.1109/twc.2024.3390407,core,explicit semantic-communication terminology in title or abstract
2024,Robust Image Semantic Coding With Learnable CSI Fusion Masking Over MIMO Fading Channels,Bingyan Xie; Yongpeng Wu; Yuxuan Shi; Wenjun Zhang; Shuguang Cui; Mérouane Debbah,IEEE Transactions on Wireless Communications,10.1109/twc.2024.3409735,core,explicit semantic-communication terminology in title or abstract
2024,STAR-RIS Assisted Information Transmission Based on Fairness in Semantic Communication Systems,Ping Xie; Fan Li; Mingchuan Zhang; Wei Quan; Junlong Zhu; Nan Cheng,IEEE Transactions on Wireless Communications,10.1109/twc.2024.3449414,core,explicit semantic-communication terminology in title or abstract
2024,Semantic Communications for Image Recovery and Classification via Deep Joint Source and Channel Coding,Zhonghao Lyu; Guangxu Zhu; Jie Xu; Bo Ai; Shuguang Cui,IEEE Transactions on Wireless Communications,10.1109/twc.2023.3349330,core,explicit semantic-communication terminology in title or abstract
2024,Semantic Feature Division Multiple Access for Multi-User Digital Interference Networks,Shuai Ma; Chuanhui Zhang; Bin Shen; Youlong Wu; Hang Li; Shiyin Li; Guangming Shi; Naofal Al-Dhahir,IEEE Transactions on Wireless Communications,10.1109/twc.2024.3427675,core,explicit semantic-communication terminology in title or abstract
2024,Semantic Feature Scheduling and Rate Control in Multi-Modal Distributed Network,Huiguo Gao; Guanding Yu; Yangshuo He; Yuanwei Liu,IEEE Transactions on Wireless Communications,10.1109/twc.2024.3480352,core,explicit semantic-communication terminology in title or abstract
2024,Semantic Knowledge Base-Enabled Zero-Shot Multi-Level Feature Transmission Optimization,Yaping Sun; Hao Chen; Xiaodong Xu; Ping Zhang; Shuguang Cui,IEEE Transactions on Wireless Communications,10.1109/twc.2023.3323380,core,explicit semantic-communication terminology in title or abstract
2024,Semantic MIMO Systems for Speech-to-Text Transmission,Zhenzi Weng; Zhijin Qin; Huiqiang Xie; Xiaoming Tao; Khaled B. Letaief,IEEE Transactions on Wireless Communications,10.1109/twc.2024.3472612,core,explicit semantic-communication terminology in title or abstract
2024,Task-Oriented Communication for Edge Video Analytics,Jiawei Shao; Xinjie Zhang; Jun Zhang,IEEE Transactions on Wireless Communications,10.1109/twc.2023.3314888,related,"task/goal-oriented communication, feature/model transport, or DeepJSCC boundary lineage"
2024,Task-Oriented Over-the-Air Computation for Multi-Device Edge AI,Dingzhu Wen; Xiang Jiao; Peixi Liu; Guangxu Zhu; Yuanming Shi; Kaibin Huang,IEEE Transactions on Wireless Communications,10.1109/twc.2023.3294703,related,"task/goal-oriented communication, feature/model transport, or DeepJSCC boundary lineage"
2024,Task-Oriented Scene Graph-Based Semantic Communications With Adaptive Channel Coding,Shiqi Sun; Zhijin Qin; Huiqiang Xie; Xiaoming Tao,IEEE Transactions on Wireless Communications,10.1109/twc.2024.3450697,core,explicit semantic-communication terminology in title or abstract
2024,"Task-Oriented Sensing, Computation, and Communication Integration for Multi-Device Edge AI",Dingzhu Wen; Peixi Liu; Guangxu Zhu; Yuanming Shi; Jie Xu; Yonina C. Eldar; Shuguang Cui,IEEE Transactions on Wireless Communications,10.1109/twc.2023.3303232,related,"task/goal-oriented communication, feature/model transport, or DeepJSCC boundary lineage"
2024,Transformer-Aided Wireless Image Transmission With Channel Feedback,Haotian Wu; Yulin Shao; Emre Ozfatura; Krystian Mikolajczyk; Deniz Gündüz,IEEE Transactions on Wireless Communications,10.1109/twc.2024.3386052,related,"task/goal-oriented communication, feature/model transport, or DeepJSCC boundary lineage"
2024,UAV-Enabled Semantic Communication in Mobile Edge Computing Under Jamming Attacks: An Intelligent Resource Management Approach,Shuai Liu; Helin Yang; Mengting Zheng; Liang Xiao; Zehui Xiong; Dusit Niyato,IEEE Transactions on Wireless Communications,10.1109/twc.2024.3454073,core,explicit semantic-communication terminology in title or abstract
2024,xURLLC-Aware Service Provisioning in Vehicular Networks: A Semantic Communication Perspective,Le Xia; Yao Sun; Dusit Niyato; Daquan Feng; Lei Feng; Muhammad Ali Imran,IEEE Transactions on Wireless Communications,10.1109/twc.2023.3319442,core,explicit semantic-communication terminology in title or abstract
2025,Adaptive Semantic Generation and NOMA-Based Interference-Aware Transmission for 6G Networks,Yuna Yan; Lixin Li; Xin Zhang; Wensheng Lin; Wenchi Cheng; Zhu Han,IEEE Transactions on Wireless Communications,10.1109/twc.2024.3520870,core,explicit semantic-communication terminology in title or abstract
2025,Agent-Driven Generative Semantic Communication With Cross-Modality and Prediction,Wanting Yang; Zehui Xiong; Yanli Yuan; Wenchao Jiang; Tony Q. S. Quek; Mérouane Debbah,IEEE Transactions on Wireless Communications,10.1109/twc.2024.3519325,core,explicit semantic-communication terminology in title or abstract
2025,Alternate Learning-Based SNR-Adaptive Sparse Semantic Visual Transmission,Siyu Tong; Xiaoxue Yu; Rongpeng Li; Kun Lu; Zhifeng Zhao; Honggang Zhang,IEEE Transactions on Wireless Communications,10.1109/twc.2024.3512652,core,explicit semantic-communication terminology in title or abstract
2025,Computation-Aware Offloading for DNN Inference Tasks in Semantic Communication Assisted MEC Systems,Guangyuan Zheng; Miaowen Wen; Zhaolong Ning; Zhiguo Ding,IEEE Transactions on Wireless Communications,10.1109/twc.2024.3523517,core,explicit semantic-communication terminology in title or abstract
2025,Diff-GO+: An Efficient Diffusion Goal-Oriented Communication System With Local Feedback,Achintha Wijesinghe; Songyang Zhang; Suchinthaka Wanninayaka; Weiwei Wang; Zhi Ding,IEEE Transactions on Wireless Communications,10.1109/twc.2025.3554442,related,"task/goal-oriented communication, feature/model transport, or DeepJSCC boundary lineage"
2025,Diffusion-Driven Semantic Communication for Generative Models With Bandwidth Constraints,Lei Guo; Wei Chen; Yuxuan Sun; Bo Ai; Nikolaos Pappas; Tony Q. S. Quek,IEEE Transactions on Wireless Communications,10.1109/twc.2025.3553851,core,explicit semantic-communication terminology in title or abstract
2025,Dynamic Semantic Compression for CNN Inference in Multi-Access Edge Computing: A Graph Reinforcement Learning-Based Autoencoder,Nan Li; Alexandros Iosifidis; Qi Zhang,IEEE Transactions on Wireless Communications,10.1109/twc.2024.3518399,core,explicit semantic-communication terminology in title or abstract
2025,Energy-Efficient Probabilistic Semantic Communication Over Space-Air-Ground Integrated Networks,Zhouxiang Zhao; Zhaohui Yang; Mingzhe Chen; Chen Zhu; Wei Xu; Zhaoyang Zhang; Kaibin Huang,IEEE Transactions on Wireless Communications,10.1109/twc.2025.3569102,core,explicit semantic-communication terminology in title or abstract
2025,Feature Allocation for Semantic Communication With Space-Time Importance Awareness,Kequan Zhou; Guangyi Zhang; Yunlong Cai; Qiyu Hu; Guanding Yu; A. Lee Swindlehurst,IEEE Transactions on Wireless Communications,10.1109/twc.2025.3569320,core,explicit semantic-communication terminology in title or abstract
2025,IRS-Enhanced Secure Semantic Communication Networks: Cross-Layer and Context-Awared Resource Allocation,Lingyi Wang; Wei Wu; Fuhui Zhou; Zhijin Qin; Qihui Wu,IEEE Transactions on Wireless Communications,10.1109/twc.2024.3495720,core,explicit semantic-communication terminology in title or abstract
2025,Joint Semantic Transmission and Resource Allocation for Intelligent Computation Task Offloading in MEC Systems,Yuanpeng Zheng; Tiankui Zhang; Xidong Mu; Yuanwei Liu; Rong Huang,IEEE Transactions on Wireless Communications,10.1109/twc.2025.3568870,core,explicit semantic-communication terminology in title or abstract
2025,Latent Diffusion Model-Enabled Low-Latency Semantic Communication in the Presence of Semantic Ambiguities and Wireless Channel Noises,Jianhua Pei; Cheng Feng; Ping Wang; Hina Tabassum; Dongyuan Shi,IEEE Transactions on Wireless Communications,10.1109/twc.2025.3535714,core,explicit semantic-communication terminology in title or abstract
2025,Lyapunov-Guided Deep Reinforcement Learning for Semantic-Aware AoI Minimization in UAV-Assisted Wireless Networks,Yusi Long; Shimin Gong; Sumei Sun; Gary C. F. Lee; Lanhua Li; Dusit Niyato,IEEE Transactions on Wireless Communications,10.1109/twc.2025.3552809,core,explicit semantic-communication terminology in title or abstract
2025,Multi-Scale Semantic Communication for Object Detection: Single and Cross-Domain Scenarios,Jie Guo; Hang Yin; Bin Song; Yuhao Chi; Zhaoyang Zhang; Chau Yuen; Dusit Niyato,IEEE Transactions on Wireless Communications,10.1109/twc.2025.3552255,core,explicit semantic-communication terminology in title or abstract
2025,Post-Deployment Fine-Tunable Semantic Communication,Peiyuan Si; Renyang Liu; Liangxin Qian; Jun Zhao; Kwok-Yan Lam,IEEE Transactions on Wireless Communications,10.1109/twc.2024.3433479,core,explicit semantic-communication terminology in title or abstract
2025,Rate Splitting Multiple Access-Enabled Adaptive Panoramic Video Semantic Transmission,Haixiao Gao; Mengying Sun; Xiaodong Xu; Shujun Han; Bizhu Wang; Jingxuan Zhang; Ping Zhang,IEEE Transactions on Wireless Communications,10.1109/twc.2025.3570465,core,explicit semantic-communication terminology in title or abstract
2025,Residual Vector Quantized Diffusion Model-Based Joint Source-Channel Coding for Task-Oriented Agent Communication,Guojun He; Shengyu Zhang; Tao Jiang,IEEE Transactions on Wireless Communications,10.1109/twc.2025.3543373,related,"task/goal-oriented communication, feature/model transport, or DeepJSCC boundary lineage"
2025,Resource Allocation for Semantic-Aware Wireless Communication Networks With Imperfect CSI,Jiahui Zhao; Ming Chen; Zhaohui Yang; Yijin Pan; Dusit Niyato; Quoc-Viet Pham,IEEE Transactions on Wireless Communications,10.1109/twc.2025.3575444,core,explicit semantic-communication terminology in title or abstract
2025,Resource Allocation for the Training of Image Semantic Communication Networks,Yang Li; Xinyu Zhou; Jun Zhao,IEEE Transactions on Wireless Communications,10.1109/twc.2025.3527014,core,explicit semantic-communication terminology in title or abstract
2025,Scalable Multi-Task Edge Sensing via Task-Oriented Joint Information Gathering and Broadcast,Huawei Hou; Suzhi Bi; Xian Li; Shuoyao Wang; Liping Qian; Zhi Quan,IEEE Transactions on Wireless Communications,10.1109/twc.2025.3574442,related,"task/goal-oriented communication, feature/model transport, or DeepJSCC boundary lineage"
2025,Semantic Base Enabled Image Transmission With Fine-Grained HARQ,Yuan Zheng; Fengyu Wang; Wenjun Xu; Ping Zhang,IEEE Transactions on Wireless Communications,10.1109/twc.2025.3532501,core,explicit semantic-communication terminology in title or abstract
2025,Semantic Communication Enabled 6G-NTN Framework: A Novel Denoising and Gateway Hop Integration Mechanism,Loc X. Nguyen; Sheikh Salman Hassan; Yan Kyaw Tun; Kitae Kim; Zhu Han; Choong Seon Hong,IEEE Transactions on Wireless Communications,10.1109/twc.2025.3578010,core,explicit semantic-communication terminology in title or abstract
2025,Semantic Prior Aided Channel-Adaptive Equalizing and De-Noising Semantic Communication System With Latent Diffusion Model,Bingxuan Xu; Shujun Han; Xiaodong Xu; Weizhi Li; Rui Meng; Chen Dong; Ping Zhang,IEEE Transactions on Wireless Communications,10.1109/twc.2025.3543167,core,explicit semantic-communication terminology in title or abstract
2025,Semantic-Aided Parallel Image Transmission Compatible With Practical System,Mingkai Xu; Yongpeng Wu; Yuxuan Shi; Xiang-Gen Xia; Mérouane Debbah; Wenjun Zhang; Ping Zhang,IEEE Transactions on Wireless Communications,10.1109/twc.2025.3566886,core,explicit semantic-communication terminology in title or abstract
2025,Semantics-Empowered Non-Orthogonal Multiple Access for Downlink Transmission of Correlated Information Sources,Weizhi Li; Yucheng Liu; Chen Dong; Xiaodong Xu; Ping Zhang; Lin Li,IEEE Transactions on Wireless Communications,10.1109/twc.2025.3563243,core,explicit semantic-communication terminology in title or abstract
2025,Synchronous Multi-Modal Semantic Communication System With Packet-Level Coding,Yun Tian; Jingkai Ying; Zhijin Qin; Ye Jin; Xiaoming Tao,IEEE Transactions on Wireless Communications,10.1109/twc.2025.3534995,core,explicit semantic-communication terminology in title or abstract
2025,Synesthesia of Machines (SoM)-Based Task-Driven MIMO System for Image Transmission,Sijiang Li; Rongqing Zhang; Xiang Cheng; Jian Tang,IEEE Transactions on Wireless Communications,10.1109/twc.2025.3606237,related,"task/goal-oriented communication, feature/model transport, or DeepJSCC boundary lineage"
2025,Task-Oriented Low-Label Semantic Communication With Self-Supervised Learning,Run Gu; Wei Xu; Zhaohui Yang; Dusit Niyato; Aylin Yener,IEEE Transactions on Wireless Communications,10.1109/twc.2025.3574468,core,explicit semantic-communication terminology in title or abstract
2025,Unified Timing Analysis for Closed-Loop Goal-Oriented Wireless Communication,Lintao Li; Anders E. Kalør; Petar Popovski; Wei Chen,IEEE Transactions on Wireless Communications,10.1109/twc.2024.3525087,related,"task/goal-oriented communication, feature/model transport, or DeepJSCC boundary lineage"
2025,Visual Language Model-Based Cross-Modal Semantic Communication Systems,Feibo Jiang; Chuanguo Tang; Li Dong; Kezhi Wang; Kun Yang; Cunhua Pan,IEEE Transactions on Wireless Communications,10.1109/twc.2025.3539526,core,explicit semantic-communication terminology in title or abstract
2026,3D Deployment of UAV-BSs in Semantic Communication Networks: Mean-Field Multi-Agent Reinforcement Learning Approach,Hui Li; Kun Zhu; Tianxu Li; Heng Zhu; Jingfeng Zhang,IEEE Transactions on Wireless Communications,10.1109/twc.2025.3641947,core,explicit semantic-communication terminology in title or abstract
2026,A Lightweight Gated Convolution and Attention Joint Source–Channel Coding Architecture for Bandwidth-Limited Wireless Image Transmission,Helin Yang; Junhong Zhang; Changyuan Xu; Zeqi Huang; Jiawen Kang; Jiangtian Nie,IEEE Transactions on Wireless Communications,10.1109/twc.2026.3706543,related,"task/goal-oriented communication, feature/model transport, or DeepJSCC boundary lineage"
2026,A MIMO-Aided Semantic Covert Communication Approach Using Excess Distortion Exponent Optimization,Yunfan Bai; Yuwen Qian; Zhen Mei; Long Shi; Wei Zhu; Feng Shu; Shuning Zhang; Jun Li,IEEE Transactions on Wireless Communications,10.1109/twc.2026.3714594,core,explicit semantic-communication terminology in title or abstract
2026,A Semantic-Empowered Free-Space Optical Communication System With Turbulence-Resilient Vector Beams,Yuan Wei; Chaoxu Chen; Li Yao; Haoyu Zhang; Fang Dong; Fujie Li; Fang Wei; Guowei Jiang; Feng Bao; Yingjun Zhou; Ziwei Li; Chao Shen; Junwen Zhang; Nan Chi; Jianyang Shi,IEEE Transactions on Wireless Communications,10.1109/twc.2026.3659523,core,explicit semantic-communication terminology in title or abstract
2026,A Superimposed Pilot Design Method for Semantic Transmission Over Doubly Selective Channel,Haotai Liang; Xiaoyi Liu; Chen Dong; Xiaodong Xu,IEEE Transactions on Wireless Communications,10.1109/twc.2025.3650161,core,explicit semantic-communication terminology in title or abstract
2026,Active Movable-Element RIS Assisted Vehicular Semantic Communications: Modeling and Optimization,Maoxin Ji; Qiong Wu; Jingbo Zhang; Pingyi Fan; Kezhi Wang; Wen Chen; Guoqiang Mao; Khaled B. Letaief,IEEE Transactions on Wireless Communications,10.1109/twc.2026.3716064,core,explicit semantic-communication terminology in title or abstract
2026,Adaptive Semantic Communication System for High-Quality Remote Sensing Image Transmission in Unstable Wireless Environments,Zhangyayu Tan; Caiping Liu; Kun Xie; Yudian Ouyang; Jigang Wen; Guangxing Zhang; Dong Chen; Gaogang Xie; Kenli Li,IEEE Transactions on Wireless Communications,10.1109/twc.2025.3600880,core,explicit semantic-communication terminology in title or abstract
2026,Adaptive Semantic Speech Transmission for High-Speed Scenarios,Fangyu Liu; Peiwen Jiang; Wenjin Wang; Xingyu Zhou; Jing Zhang; Chao-Kai Wen; Shi Jin,IEEE Transactions on Wireless Communications,10.1109/twc.2025.3601158,core,explicit semantic-communication terminology in title or abstract
2026,Adaptive Source–Channel Coding for Multi-User Semantic and Data Communications,Kai Yuan; Dongxu Li; Jianhao Huang; Han Zhang; Chuan Huang,IEEE Transactions on Wireless Communications,10.1109/twc.2026.3679927,core,explicit semantic-communication terminology in title or abstract
2026,Age of Semantic Information-Aware Wireless Transmission for Remote Monitoring Systems,Xue Han; Biqian Feng; Yongpeng Wu; Xiang-Gen Xia; Wenjun Zhang; Shengli Sun,IEEE Transactions on Wireless Communications,10.1109/twc.2025.3600511,core,explicit semantic-communication terminology in title or abstract
2026,CoDS: Collaborative Perception via Digital Semantic Communication,Jipeng Gan; Le Liang; Hua Zhang; Chongtao Guo; Shi Jin,IEEE Transactions on Wireless Communications,10.1109/twc.2026.3698559,core,explicit semantic-communication terminology in title or abstract
2026,Coarse-to-Fine: A Dual-Phase Channel-Adaptive Method for Wireless Image Transmission,Hanlei Li; Guangyi Zhang; Kequan Zhou; Yunlong Cai; Guanding Yu,IEEE Transactions on Wireless Communications,10.1109/twc.2025.3597717,related,"task/goal-oriented communication, feature/model transport, or DeepJSCC boundary lineage"
2026,Coded Semantic-Aware Coordinated Transmission in Cohesive Clustered Satellite Systems: An Incremental MADRL Approach,Liang Xu; Jian Jiao; Xingjian Zhang; Ye Wang; Qinyu Zhang,IEEE Transactions on Wireless Communications,10.1109/twc.2025.3624727,core,explicit semantic-communication terminology in title or abstract
2026,DGSemCom: Digital Generative Semantic Communications via Discrete Denoising Diffusion Model for Latent Error Correction,Junxiao Liang; Wenjun Xu; Long Liu; Fengyu Wang; Xiaodong Xu; Jiejie Guo; Ping Zhang,IEEE Transactions on Wireless Communications,10.1109/twc.2026.3709956,core,explicit semantic-communication terminology in title or abstract
2026,DRL-Driven Resource Allocation for Hybrid NOMA-Assisted Semantic Communication Networks,Haijun Zhang; Jiaxin Ni; Xiangnan Liu; Yuzheng Ren; Zijun Wu; Victor C. M. Leung,IEEE Transactions on Wireless Communications,10.1109/twc.2026.3686618,core,explicit semantic-communication terminology in title or abstract
2026,Diffusion-Based Trajectory and Semantic Resource Optimization in UAV-Assisted Edge Computing,Chen Wang; Ruonan Zhang; Zehui Xiong; Daosen Zhai; Dusit Niyato; Zhu Han,IEEE Transactions on Wireless Communications,10.1109/twc.2026.3657387,core,explicit semantic-communication terminology in title or abstract
2026,Diffusion-Enabled Secure Semantic Communication Against Eavesdropping,Boxiang He; Zihan Chen; Fanggang Wang; Shilian Wang; Zhijin Qin; Tony Q. S. Quek,IEEE Transactions on Wireless Communications,10.1109/twc.2026.3670608,core,explicit semantic-communication terminology in title or abstract
2026,Digital Semantic Communications: An Alternating Multi-Phase Training Strategy With Mask Attack,Mingze Gong; Shuoyao Wang; Suzhi Bi; Yuan Wu; Liping Qian,IEEE Transactions on Wireless Communications,10.1109/twc.2025.3611141,core,explicit semantic-communication terminology in title or abstract
2026,ESC-MVQ: End-to-End Semantic Communication With Multi-Codebook Vector Quantization,Junyong Shin; Yongjeong Oh; Jinsung Park; Joohyuk Park; Yo-Seb Jeon,IEEE Transactions on Wireless Communications,10.1109/twc.2025.3605838,core,explicit semantic-communication terminology in title or abstract
2026,Enabling Terahertz Communications in Vehicular Networks: Continuous Beam Coverage and Semantic NOMA,Hanwen Zhang; Tianchi Zhou; Supeng Leng; Hongxin Zeng; Xianbing Zou; Yaxin Zhang; Tony Q. S. Quek,IEEE Transactions on Wireless Communications,10.1109/twc.2026.3711128,core,explicit semantic-communication terminology in title or abstract
2026,Feature-Foundation Model Evolution for Low-Latency Semantic Communication,Haobo Zhang; Boya Di; Hongliang Zhang; Dusit Niyato; Lingyang Song,IEEE Transactions on Wireless Communications,10.1109/twc.2026.3659294,core,explicit semantic-communication terminology in title or abstract
2026,Feature-Sensitivity-Aware Quantization and Joint Multi-Streaming Design for Latency-Constrained Multi-Task Semantic Communications,Huanyu Zhang; Yulin Hu; Xiaopeng Yuan; Anke Schmeink,IEEE Transactions on Wireless Communications,10.1109/twc.2026.3718740,core,explicit semantic-communication terminology in title or abstract
2026,Flexible Bit and Semantic On-Demand Transmission Framework in Hyper-Reliable and Low Latency Communications Scenarios,Jingxuan Zhang; Xiqi Cheng; Haijun Zhang; Peng Cui; Suyu Lv; Xiaodong Xu; Ping Zhang; Tony Q. S. Quek,IEEE Transactions on Wireless Communications,10.1109/twc.2025.3598278,core,explicit semantic-communication terminology in title or abstract
2026,Foundation Model-Aided Channel-Adaptive Video Semantic Communication and Prototype Validation,Jiarun Ding; Peiwen Jiang; Chao-Kai Wen; Xiao Li; Shi Jin,IEEE Transactions on Wireless Communications,10.1109/twc.2025.3600221,core,explicit semantic-communication terminology in title or abstract
2026,Generative AI Driven Task-Oriented Adaptive Semantic Communications,Yuzhou Fu; Wenchi Cheng; Jingqing Wang; Liuguo Yin; Wei Zhang,IEEE Transactions on Wireless Communications,10.1109/twc.2025.3644355,core,explicit semantic-communication terminology in title or abstract
2026,Generative Feature Imputing—A Technique for Error-Resilient Semantic Communication,Jianhao Huang; Qunsong Zeng; Hongyang Du; Kaibin Huang,IEEE Transactions on Wireless Communications,10.1109/twc.2026.3700909,core,explicit semantic-communication terminology in title or abstract
2026,Generative Semantic Communications for Robust Speech-to-Text Translation,Zhenzi Weng; Zijing Wang; Zhijin Qin; Xiaoming Tao,IEEE Transactions on Wireless Communications,10.1109/twc.2025.3590671,core,explicit semantic-communication terminology in title or abstract
2026,Goal-Oriented Semantic Communication for ISAC-Enabled Robotic Obstacle Avoidance,Wenjie Liu; Yansha Deng; Henk Wymeersch,IEEE Transactions on Wireless Communications,10.1109/twc.2026.3716013,core,explicit semantic-communication terminology in title or abstract
2026,Goal-Oriented Semantic Communication for Wireless Video Transmission via Generative AI,Nan Li; Yansha Deng; Dusit Niyato,IEEE Transactions on Wireless Communications,10.1109/twc.2026.3654401,core,explicit semantic-communication terminology in title or abstract
2026,Goal-Oriented Semantic Communications Enabled by Generative AI and Optimal Transport for Metaverse Construction,Zhe Wang; Nan Li; Yansha Deng; A. Hamid Aghvami,IEEE Transactions on Wireless Communications,10.1109/twc.2026.3707742,core,explicit semantic-communication terminology in title or abstract
2026,Goal-Oriented Transmission Scheduling: Structure-Guided DRL With a Unified Dual On-Policy and Off-Policy Approach,Jiazheng Chen; Wanchun Liu,IEEE Transactions on Wireless Communications,10.1109/twc.2025.3627531,related,"task/goal-oriented communication, feature/model transport, or DeepJSCC boundary lineage"
2026,Holographic Beamforming for Semantic Communication,Shuhao Zeng; Haobo Zhang; Su Wang; Boya Di; Hongliang Zhang; Zhu Han; H. Vincent Poor; Lingyang Song,IEEE Transactions on Wireless Communications,10.1109/twc.2026.3707475,core,explicit semantic-communication terminology in title or abstract
2026,Hybrid-Action DRL-Based Resource Allocation for Semantic-Aware Computation Offloading in Vehicular Edge Networks,Quan Chen; Xiaoqin Song; Tiecheng Song; Yang Yang,IEEE Transactions on Wireless Communications,10.1109/twc.2025.3626670,core,explicit semantic-communication terminology in title or abstract
2026,Importance-Aware Semantic Communication in MIMO-OFDM Systems Using Vision Transformer,Joohyuk Park; Yongjeong Oh; Jihun Park; Yo-Seb Jeon,IEEE Transactions on Wireless Communications,10.1109/twc.2026.3665639,core,explicit semantic-communication terminology in title or abstract
2026,In-Context Learning for Deep Joint Source-Channel Coding Over MIMO Channels,Meng Hua; Wenjing Zhang; Chenghong Bian; Deniz Gündüz,IEEE Transactions on Wireless Communications,10.1109/twc.2026.3697658,related,"task/goal-oriented communication, feature/model transport, or DeepJSCC boundary lineage"
2026,Joint Optimization of Digital Semantic Communication and Radar Sensing for Enhanced ISAC,Ouwen Huan; Chuanhong Liu; Nuocheng Yang; Zhilong Zhang; Tao Luo; Mingzhe Chen,IEEE Transactions on Wireless Communications,10.1109/twc.2026.3690165,core,explicit semantic-communication terminology in title or abstract
2026,Joint Power and Spectrum Orchestration for D2D Semantic Communication Underlying Energy-Efficient Cellular Networks,Le Xia; Yao Sun; Haijian Sun; Rose Qingyang Hu; Dusit Niyato; Muhammad Ali Imran,IEEE Transactions on Wireless Communications,10.1109/twc.2025.3612327,core,explicit semantic-communication terminology in title or abstract
2026,Joint Semantic-Channel Coding and Modulation for Token Communications,Jingkai Ying; Zhijin Qin; Yulong Feng; Liejun Wang; Xiaoming Tao,IEEE Transactions on Wireless Communications,10.1109/twc.2025.3636174,core,explicit semantic-communication terminology in title or abstract
2026,Joint Source-Channel Coding for Task-Oriented Broadcast Communications: An Information Bottleneck Approach With Rate Splitting,Youlong Wu; Jingfeng Huang; Yuanming Shi; Shuai Ma; Kai Niu; Meixia Tao; Khaled B. Letaief,IEEE Transactions on Wireless Communications,10.1109/twc.2026.3671290,related,"task/goal-oriented communication, feature/model transport, or DeepJSCC boundary lineage"
2026,Knowledge Distillation-Driven Semantic NOMA for Image Transmission With Diffusion Model,Qifei Wang; Zhen Gao; Shuo Sun; Zhijin Qin; Xiaodong Xu; Meixia Tao,IEEE Transactions on Wireless Communications,10.1109/twc.2026.3658710,core,explicit semantic-communication terminology in title or abstract
2026,Land-Then-Transport: A Flow Matching-Based Generative Decoder for Wireless Image Transmission,Jingwen Fu; Ming Xiao; Mikael Skoglund; Dong In Kim,IEEE Transactions on Wireless Communications,10.1109/twc.2026.3710439,related,"task/goal-oriented communication, feature/model transport, or DeepJSCC boundary lineage"
2026,Large Generative Model Assisted 3D Semantic Communication,Yubo Peng; Feibo Jiang; Li Dong; Kezhi Wang; Kun Yang; Cunhua Pan; Xiaohu You,IEEE Transactions on Wireless Communications,10.1109/twc.2025.3624573,core,explicit semantic-communication terminology in title or abstract
2026,Learning to Interfere in Non-Orthogonal Multiple-Access Joint Source-Channel Coding,Selim F. Yilmaz; Can Karamanlı; Deniz Gündüz,IEEE Transactions on Wireless Communications,10.1109/twc.2026.3688951,related,"task/goal-oriented communication, feature/model transport, or DeepJSCC boundary lineage"
2026,MambaJSCC: Adaptive Deep Joint Source–Channel Coding With Generalized State Space Model,Tong Wu; Zhiyong Chen; Meixia Tao; Yaping Sun; Xiaodong Xu; Wenjun Zhang; Ping Zhang,IEEE Transactions on Wireless Communications,10.1109/twc.2025.3643835,core,explicit semantic-communication terminology in title or abstract
2026,Multimodal Semantic Communication With Information-Theoretic Disentangled Representations,Fan Gao; Youzheng Wang; Zhijin Qin; Feifei Gao,IEEE Transactions on Wireless Communications,10.1109/twc.2026.3707164,core,explicit semantic-communication terminology in title or abstract
2026,Multiuser Semantic Communication With Concurrent Access for Collaborative Sensing in Internet of Vehicles,Zhihong Wang; Supeng Leng; Yujie Qin; Dusit Niyato,IEEE Transactions on Wireless Communications,10.1109/twc.2026.3674666,core,explicit semantic-communication terminology in title or abstract
2026,Optimization of Private Semantic Communication Performance: An Uncooperative Covert Communication Method,Wenjing Zhang; Ye Hu; Tao Luo; Zhilong Zhang; Mingzhe Chen,IEEE Transactions on Wireless Communications,10.1109/twc.2025.3590749,core,explicit semantic-communication terminology in title or abstract
2026,"Position-Aided Semantic Communication for Efficient Image Transmission: Design, Implementation, and Experimental Results",Peiwen Jiang; Chao-Kai Wen; Shi Jin; Jun Zhang,IEEE Transactions on Wireless Communications,10.1109/twc.2025.3614765,core,explicit semantic-communication terminology in title or abstract
2026,"RIS-Enhanced Semantic-Aware Sensing, Communication, Computation, and Control for Internet of Things",Sun Mao; Chau Yuen; Lei Liu; Ming Xiao; Shui Yu; Ning Zhang,IEEE Transactions on Wireless Communications,10.1109/twc.2025.3595550,core,explicit semantic-communication terminology in title or abstract
2026,ROME: Robust Model Ensembling for Semantic Communication Against Semantic Jamming Attacks,Kequan Zhou; Guangyi Zhang; Yunlong Cai; Qiyu Hu; Guanding Yu,IEEE Transactions on Wireless Communications,10.1109/twc.2025.3597672,core,explicit semantic-communication terminology in title or abstract
2026,Resource Allocation for Image Transmission Using Adaptive Semantic and Bit Communication,Peixuan Li; Yichen Wang; Xiao Tang; Moqi Liu; Haotian Liu; Julian Cheng,IEEE Transactions on Wireless Communications,10.1109/twc.2025.3604516,core,explicit semantic-communication terminology in title or abstract
2026,Rethinking the PAPR Pitfall in Deep Learning-Based Semantic Communication Systems,Ruimao He; Xuefei Zhang; Yao Sun; Qimei Cui; Xiaofeng Tao,IEEE Transactions on Wireless Communications,10.1109/twc.2026.3704073,core,explicit semantic-communication terminology in title or abstract
2026,Robust Deep Joint Source-Channel Coding Enabled Distributed Image Transmission With Imperfect Channel State Information,Biao Dong; Bin Cao; Guan Gui; Qinyu Zhang,IEEE Transactions on Wireless Communications,10.1109/twc.2025.3601155,related,"task/goal-oriented communication, feature/model transport, or DeepJSCC boundary lineage"
2026,Robust Information Bottleneck Guided Non-Autoregressive Semantic Communication With Synonymous Mapping,Mingtong Zhang; Haixia Zhang; Dongfeng Yuan; Ping Zhang,IEEE Transactions on Wireless Communications,10.1109/twc.2026.3679533,core,explicit semantic-communication terminology in title or abstract
2026,Robust Semantic Communication: A Dimension Selective Fading Analysis and Repair Approach,Minghao Shang; Yang Zhang; Lihua Pang; Yaxin Ren; Yonghui Zhai; Jiandong Li,IEEE Transactions on Wireless Communications,10.1109/twc.2026.3717328,core,explicit semantic-communication terminology in title or abstract
2026,Robustness-Enabled Energy-Efficient Feature Transmission for Edge Inference,Zhifeng Wang; Qunsong Zeng,IEEE Transactions on Wireless Communications,10.1109/twc.2026.3671986,related,"task/goal-oriented communication, feature/model transport, or DeepJSCC boundary lineage"
2026,SPHARQ-Based Semantic Communication,Wannian An; Chen Dong; Haotai Liang; Xiaodong Xu; Rui Meng; Ping Zhang,IEEE Transactions on Wireless Communications,10.1109/twc.2025.3649359,core,explicit semantic-communication terminology in title or abstract
2026,Scalable Deep Joint Source-Channel Coding for Multi-User Wireless Image Transmission With Diverse Bandwidth Conditions,Feng Wang; Xuechen Chen; Xiaoheng Deng; Siyu Lin,IEEE Transactions on Wireless Communications,10.1109/twc.2025.3630680,related,"task/goal-oriented communication, feature/model transport, or DeepJSCC boundary lineage"
2026,SemHARQ: Semantic-Aware Hybrid Automatic Repeat Request for Multi-Task Semantic Communications,Jiangjing Hu; Fengyu Wang; Wenjun Xu; Hui Gao; Ping Zhang,IEEE Transactions on Wireless Communications,10.1109/twc.2025.3602146,core,explicit semantic-communication terminology in title or abstract
2026,Semantic Communication Over MIMO Channels via Score-Based Reverse Mean Propagation,Yinuo Huang; Xiaojun Yuan; Hao Jiang; Meixia Tao,IEEE Transactions on Wireless Communications,10.1109/twc.2026.3703886,core,explicit semantic-communication terminology in title or abstract
2026,Semantic Communication-Enhanced U-Shaped Split Federated Learning With Adaptive Compression for Vehicular Networks,Lu Yu; Zheng Chang,IEEE Transactions on Wireless Communications,10.1109/twc.2026.3660781,core,explicit semantic-communication terminology in title or abstract
2026,Semantic Communications for UAV Data Aggregation: A Layered Design Against Alterable Hovering Position,Lan Lin; Wenjun Xu; Yimeng Zhang; Xin Yuan; Jinglin Zhang; Zhu Han; Ping Zhang,IEEE Transactions on Wireless Communications,10.1109/twc.2025.3614182,core,explicit semantic-communication terminology in title or abstract
2026,Semantic Noise-Aided Secure Image Transmission Over MIMO Fading Channels,Xue Han; Biqian Feng; Ting Zhou; Yongpeng Wu; Yuanwei Liu; Arumugam Nallanathan; Xiang-Gen Xia; Wenjun Zhang,IEEE Transactions on Wireless Communications,10.1109/twc.2026.3703496,core,explicit semantic-communication terminology in title or abstract
2026,Semantic-Aware UAV Swarms for Low-Delay and Energy-Efficient Data Collection,Haiyan Li; Xuan Li; Hongyu Wang; Shufan Jia; Jinyu Yang; Mugen Peng,IEEE Transactions on Wireless Communications,10.1109/twc.2026.3715324,core,explicit semantic-communication terminology in title or abstract
2026,Semantic-Relevance-Based Sensor Selection for Edge-AI Empowered Sensing Systems,Zhiyan Liu; Kaibin Huang,IEEE Transactions on Wireless Communications,10.1109/twc.2025.3605523,core,explicit semantic-communication terminology in title or abstract
2026,Semantics-Guided Diffusion for Deep Joint Source-Channel Coding in Wireless Image Transmission,Maojun Zhang; Haotian Wu; Guangxu Zhu; Richeng Jin; Xiaoming Chen; Deniz Gündüz,IEEE Transactions on Wireless Communications,10.1109/twc.2025.3591456,core,explicit semantic-communication terminology in title or abstract
2026,Spectral Efficiency-Aware Codebook Design for Task-Oriented Semantic Communications,Anbang Zhang; Shuaishuai Guo; Chenyuan Feng; Shuai Liu; Hongyang Du; Geyong Min,IEEE Transactions on Wireless Communications,10.1109/twc.2026.3677460,core,explicit semantic-communication terminology in title or abstract
2026,Superimposed Pilot-Based Adaptive Semantic Communications for Wireless Image Transmission,Jian Zou; Jian Xiao; Wenwu Xie; Fanyang Meng; Renhai Feng; Liang Yang; Yongsheng Liang,IEEE Transactions on Wireless Communications,10.1109/twc.2026.3694102,core,explicit semantic-communication terminology in title or abstract
2026,Synesthesia of Machines (SoM)-Empowered Wireless Image Transmission Over Time-Varying Dynamic Channel,Haozhen Li; Ruide Zhang; Rongqing Zhang; Xiang Cheng,IEEE Transactions on Wireless Communications,10.1109/twc.2026.3690314,related,"task/goal-oriented communication, feature/model transport, or DeepJSCC boundary lineage"
2026,Task-Agnostic Semantic Communications Relying on Information Bottleneck and Federated Meta-Learning,Hao Wei; Wen Wang; Wanli Ni; Wenjun Xu; Yongming Huang; Dusit Niyato; Ping Zhang,IEEE Transactions on Wireless Communications,10.1109/twc.2025.3632819,core,explicit semantic-communication terminology in title or abstract
2026,Task-Oriented Multimodal Edge Intelligence via Integrated Sensing-Communication-Computation,Weiwei Chen; Yinghui He; Zhong Ye; Dingzhu Wen; Guanding Yu,IEEE Transactions on Wireless Communications,10.1109/twc.2026.3710771,related,"task/goal-oriented communication, feature/model transport, or DeepJSCC boundary lineage"
2026,VAE-GAN-Based Semantic Communication for High-Quality Image Transmission,Naoki Omi; Shun Kojima; Chang-Jun Ahn,IEEE Transactions on Wireless Communications,10.1109/twc.2025.3646209,core,explicit semantic-communication terminology in title or abstract
2026,VQ-DeepVSC: A Dual-Stage Vector Quantization System for Video Semantic Communication,Yongyi Miao; Zhongdang Li; Yang Wang; Die Hu; Jun Yan; Youfang Wang,IEEE Transactions on Wireless Communications,10.1109/twc.2025.3641237,core,explicit semantic-communication terminology in title or abstract
